Project_No;Client;Brand;Project_Name;Month;Buy_Type;Provider;Tool;Vehicle;Year;Media_Cost;Monitoring;Service_Fee;Buying_Fee;Total_Client_Cost;Client_Invoices;Media_Invoices;
185;Adamed;Maxon;Maxon;September;Programmatic;Criteo;Criteo;Criteo;2021;6033,28;;;905;6938,27;;;
185;Adamed;Maxon;Maxon;September;Programmatic;Ceneo;Ceneo;Ceneo;2021;46,13;;;6,92;53,05;;;
185;Adamed;Maxon;Maxon;September;Programmatic;Facebook;Facebook BM;Post;2021;4274,81;;;641,23;4916,03;;;
185;Adamed;Maxon;Maxon;September;Programmatic;Allegro;Allegro;Allegro;2021;84,65;;;12,7;97,34;;;
185;Adamed;Maxon;Maxon;September;Programmatic;Google;Google Ads;Search;2021;2566,49;;;384,98;2951,46;;;
198;CDProjekt;Cyberpunk2077;Cyberpunk2077;July;Programmatic;Facebook;Facebook BM;Post;2021;299697,73;;;23975,81;323673,54;;;
217;PKO BP;;atrybucja;;;;;;2021;;;;;0;;;
218;Mazda;Produkty Mro¾one;6;February;Programmatic;Facebook;Facebook BM;Post;2021;74200;;;6307;80507;;;
218;Mazda;Produkty Mro¾one;6;February;Programmatic;Google;Google Ads;Display;2021;15301,9;;;1300,66;16602,56;;;
218;Mazda;Produkty Mro¾one;6;February;Programmatic;Google;Google Ads;YouTube;2021;96139,03;;;8171,82;104310,85;;;
218;Mazda;Produkty Mro¾one;6;;;;;;2021;;;;;0;;;
218;Mazda;Produkty Mro¾one;6;January;Programmatic;Google;Google Ads;Display;2021;15303,75;;;1300,82;16604,57;;;
218;Mazda;Produkty Mro¾one;6;January;Programmatic;Google;Google Ads;YouTube;2021;96156,4;;;8173,29;104329,69;;;
218;Mazda;Produkty Mro¾one;6;January;Programmatic;Facebook;Facebook BM;Post;2021;74200;;;6307;80507;;;
218;Mazda;Produkty Mro¾one;Equity;March;Programmatic;Google;Google Ads;Display;2021;39988,8;;;3399,05;43387,85;;;
218;Mazda;Produkty Mro¾one;6;March;Programmatic;Google;Google Ads;YouTube;2021;96173,71;;;8174,77;104348,48;;;
218;Mazda;Produkty Mro¾one;Equity;March;Programmatic;Google;Google Ads;Display;2021;39997,48;;;3399,79;43397,27;;;
218;Mazda;Produkty Mro¾one;6;March;Programmatic;Facebook;Facebook BM;Post;2021;72927,12;;;6198,8;79125,92;;;
218;Mazda;Produkty Mro¾one;6;March;Direct;Blix;Blix;Blix;2021;23999,98;;;960;24959,98;;;
218;Mazda;Produkty Mro¾one;6;March;Direct;Listonic;Listonic;Listonic;2021;25200;;;1008;26208;;;
218;Mazda;Produkty Mro¾one;Equity;April;Programmatic;Google;Google Ads;Display;2021;79990,96;;;6799,23;86790,19;;;
219;Tesco;Tesco ;Tesco - Styczeä;;;;;;2021;;;;;0;;;
219;Tesco;Tesco;25lat;January;Programmatic;Google;DV360;Youtube;2021;530539,51;;;74275,54;604815,04;;;
219;Tesco;Tesco;25lat;January;Programmatic;Facebook;Facebook BM;Post;2021;237607,68;;;33265,08;270872,76;;;
219;Tesco;Tesco;25lat;January;Direct;RASP ;Onet;Dni?wka;2021;45000;;;5400;50400;;;
219;Tesco;Tesco;Oferta x;January;Programmatic;Google;DV360;Display;2021;54561,12;;;7638,56;62199,68;;;
219;Tesco;Tesco;Agregatory;January;Direct;Blix;Blix;Blix;2021;125000;;;8750;133750;;;
219;Tesco;Tesco;Agregatory;January;Direct;gazetka-24;gazetka-24;gazetka-24;2021;25000;;;1750;26750;;;
219;Tesco;Tesco;Aplikacja;January;Programmatic;Google;Google Ads;Aplikacja;2021;31244,01;;;4374,17;35618,17;;;
219;Tesco;Tesco;Marka W?asna;January;Programmatic;Facebook;Facebook BM;Post;2021;49942,68;;;6991,98;56934,66;;;
219;Tesco;Tesco;Marka W?asna;January;Programmatic;Google;DV360;Youtube;2021;49902,63;;;6986,37;56889;;;
219;Tesco;Tesco;SoMe;January;Programmatic;Facebook;Facebook BM;Post;2021;66472,27;;;9306,12;75778,39;;;
219;Tesco;Tesco;RTM;January;Programmatic;Facebook;Facebook BM;Post;2021;2500;;;350;2850;;;
219;Tesco;Tesco;Konkurs Lech;January;Programmatic;Facebook;Facebook BM;Post;2021;3508,44;;;491,19;3999,62;;;
219;Tesco;Tesco;Campaign Manager;January;Monitoring;Google;Campaign Manager;Campaign Manager;2021;142,26;;;;142,25;;;
219;Tesco;Tesco;Decathlon;January;Programmatic;Facebook;Facebook BM;Post;2021;1219,68;;;170,76;1390,44;;;
219;Tesco;Tesco;Decathlon;January;Direct;zyciepabianic;zyciepabianic;Dni?wka;2021;250;;;30;280;;;
221;Dom Development;Display; Dom Development 2022;January;Programmatic;Adform;Adform;Display;2021;64994,6;;;6499,46;71494,06;;;
221;Dom Development;Video; Dom Development 2022;January;Programmatic;Adform;Adform;Video;2021;309984,67;;;30998,47;340983,14;;;
221;Dom Development;Native; Dom Development 2022;January;Programmatic;Adform;Adform;Native;2021;9999,07;;;999,91;10998,98;;;
221;Dom Development;Fee; Dom Development 2022;January;Fee;Pure Play;Pure Play;Fee;2021;;;8000;;8000;;;
221;Dom Development;Display; Dom Development 2022;February;Programmatic;Adform;Adform;Display;2021;90029,21;;;9002,92;99032,13;;;
221;Dom Development;Video; Dom Development 2022;February;Programmatic;Adform;Adform;Video;2021;326002,66;;;32600,27;358602,93;;;
221;Dom Development;Native; Dom Development 2022;February;Programmatic;Adform;Adform;Native;2021;31000,12;;;3100,01;34100,13;;;
221;Dom Development;Fee; Dom Development 2022;February;Fee;Pure Play;Pure Play;Fee;2021;;;8000;;8000;;;
221;Dom Development;Display; Dom Development 2022;March;Programmatic;Adform;Adform;Display;2021;193473,08;;;19347,31;212820,39;;;
221;Dom Development;Video; Dom Development 2022;March;Programmatic;Adform;Adform;Video;2021;203722,72;;;20372,27;224094,99;;;
221;Dom Development;Native; Dom Development 2022;March;Programmatic;Adform;Adform;Native;2021;31000,17;;;3100,02;34100,19;;;
221;Dom Development;Fee; Dom Development 2022;March;Fee;Pure Play;Pure Play;Fee;2021;;;8000;;8000;;;
221;Dom Development;Display; Dom Development 2022;April;Programmatic;Adform;Adform;Display;2021;138501,11;;;13850,11;152351,22;;;
221;Dom Development;Video; Dom Development 2022;April;Programmatic;Adform;Adform;Video;2021;75008,85;;;7500,88;82509,73;;;
221;Dom Development;Native; Dom Development 2022;April;Programmatic;Adform;Adform;Native;2021;43250,86;;;4325,09;47575,95;;;
221;Dom Development;Fee; Dom Development 2022;April;Fee;Pure Play;Pure Play;Fee;2021;;;8000;;8000;;;
221;Dom Development;Video; Dom Development 2022;April;Programmatic;Google;Google Ads;YouTube;2021;17638,99;;;1940,29;19579,28;;;
221;Dom Development;Display; Dom Development 2022;May;Programmatic;Adform;Adform;Display;2021;89659,72;;;8965,97;98625,69;;;
221;Dom Development;Video; Dom Development 2022;May;Programmatic;Adform;Adform;Video;2021;125035,54;;;12503,55;137539,09;;;
221;Dom Development;Native; Dom Development 2022;May;Programmatic;Adform;Adform;Native;2021;11735,43;;;1173,54;12908,97;;;
221;Dom Development;Fee; Dom Development 2022;May;Fee;Pure Play;Pure Play;Fee;2021;;;8000;;8000;;;
221;Dom Development;Video; Dom Development 2022;May;Programmatic;Google;Google Ads;YouTube;2021;18008,16;;;1980,9;19989,06;;;
221;Dom Development;Display; Dom Development 2022;June;Programmatic;Adform;Adform;Display;2021;37500,16;;;3750,02;41250,18;;;
221;Dom Development;Video; Dom Development 2022;June;Programmatic;Adform;Adform;Video;2021;75012,66;;;7501,27;82513,93;;;
221;Dom Development;Native; Dom Development 2022;June;Programmatic;Adform;Adform;Native;2021;6000,13;;;600,01;6600,14;;;
221;Dom Development;Fee; Dom Development 2022;June;Fee;Pure Play;Pure Play;Fee;2021;;;8000;;8000;;;
221;Dom Development;Display; Dom Development 2022;July;Programmatic;Adform;Adform;Display;2021;52304,38;;;5230,44;57534,82;;;
221;Dom Development;Video; Dom Development 2022;July;Programmatic;Adform;Adform;Video;2021;100006,19;;;10000,62;110006,81;;;
221;Dom Development;Fee; Dom Development 2022;July;Fee;Pure Play;Pure Play;Fee;2021;;;8000;;8000;;;
221;Dom Development;Display; Dom Development 2022;August;Programmatic;Adform;Adform;Display;2021;54696,51;;;5469,65;60166,16;;;
221;Dom Development;Video; Dom Development 2022;August;Programmatic;Adform;Adform;Video;2021;25000,8;;;2500,08;27500,88;;;
221;Dom Development;Fee; Dom Development 2022;August;Fee;Pure Play;Pure Play;Fee;2021;;;8000;;8000;;;
221;Dom Development;Display; Dom Development 2022;September;Programmatic;Adform;Adform;Display;2021;123001,04;;;12300,1;135301,14;;;
221;Dom Development;Video; Dom Development 2022;September;Programmatic;Adform;Adform;Video;2021;146543,86;;;14654,39;161198,25;;;
221;Dom Development;Native; Dom Development 2022;September;Programmatic;Adform;Adform;Native;2021;15000,16;;;1500,02;16500,18;;;
221;Dom Development;Fee; Dom Development 2022;September;Fee;Pure Play;Pure Play;Fee;2021;;;8000;;8000;;;
222;PKO BP;Konto B2C;SEM brand;June;Monitoring;Roivenue;Roivenue;Roivenue;2021;3646,42;;;;3646,42;;;
222;PKO BP;Kredyt B2B;Kredyt B2B czerwiec performance;June;Programmatic;Google;Google Ads;Search;2021;69505,41;;;6603,02;76108,42;;;
222;PKO BP;Kredyt B2B;Kredyt B2B czerwiec performance;June;Programmatic;Google;Google Ads;Discovery;2021;3436,2;;;326,44;3762,64;;;
222;PKO BP;Kredyt B2B;Kredyt B2B czerwiec performance;June;Programmatic;Facebook;Facebook BM;Post;2021;17855,83;;;1696,31;19552,13;;;
222;PKO BP;Kredyt B2B;Kredyt B2B czerwiec performance;June;Monitoring;Google;Campaign Manager;Campaign Manager;2021;433,71;;;0;433,71;;;
222;PKO BP;Kredyt B2B;Kredyt B2B czerwiec performance;June;Programmatic;Google;DV360;Display;2021;7000;;;665;7665;;;
222;PKO BP;Kredyt B2B;Kredyt B2B czerwiec performance;June;Direct;WP;WP;Logout box;2021;35000;;;3325;38325;;;
222;PKO BP;Kredyt B2B;Kredyt B2B czerwiec performance;June;Monitoring;Hotjar;Hotjar;Hotjar;2021;182,56;;;0;182,56;;;
222;PKO BP;Kredyt B2B;Kredyt B2B czerwiec performance;June;Direct;eGospodarka;eGospodarka;Mailing;2021;3000;;;285;3285;;;
222;PKO BP;Kredyt B2B;Kredyt B2B czerwiec performance;June;Direct;WP;WP;Mailing;2021;2880;;;273,6;3153,6;;;
222;PKO BP;Kredyt B2B;Kredyt B2B czerwiec performance;June;Direct;Email Partners;Email Partners;Mailing;2021;5000;;;475;5475;;;
222;PKO BP;Konto B2B;Konto B2B czerwiec performance;June;Programmatic;Google;Google Ads;Search;2021;44539,57;;;4231,26;48770,83;;;
222;PKO BP;Konto B2B;Konto B2B czerwiec performance;June;Programmatic;Google;Google Ads;Display;2021;4745,28;;;450,81;5196,08;;;
222;PKO BP;Konto B2B;Konto B2B czerwiec performance;June;Programmatic;Facebook;Facebook BM;Post;2021;1663,65;;;158,05;1821,7;;;
222;PKO BP;Konto B2B;Konto B2B czerwiec performance;June;Programmatic;Criteo;Criteo;Criteo;2021;7000;;;665;7665;;;
222;PKO BP;Konto B2B;Konto B2B czerwiec performance;June;Monitoring;Google;Campaign Manager;Campaign Manager;2021;4709,97;;;0;4709,97;;;
222;PKO BP;Konto B2B;Konto B2B czerwiec performance;June;Direct;ABI;ABI;Mailing;2021;3000;;;285;3285;;;
222;PKO BP;Konto B2B;Konto B2B czerwiec performance;June;Direct;Email Network;Email Network;Mailing;2021;2000;;;190;2190;;;
222;PKO BP;Konto B2B;Konto B2B czerwiec performance;June;Direct;Email Partners;Email Partners;Mailing;2021;3000;;;285;3285;;;
222;PKO BP;Konto B2B;Konto B2B czerwiec performance;June;Direct;eGospodarka;eGospodarka;Mailing;2021;3000;;;285;3285;;;
222;PKO BP;Konto B2B;Konto B2B czerwiec performance;June;Programmatic;Google;DV360;Display;2021;2160,81;;;205,28;2366,09;;;
222;PKO BP;Konto B2B;Konto B2B czerwiec performance;June;Afiliacja;Bankier;Bankier;Wydawca;2021;12000;;;1140;13140;;;
222;PKO BP;Konto B2B;Konto B2B czerwiec performance;June;Afiliacja;Bankier;Bankier;Wydawca;2021;3900;;;370,5;4270,5;;;
222;PKO BP;Konto B2B;Konto B2B czerwiec performance;June;Afiliacja;Bankier;Bankier;Wydawca;2021;3300;;;313,5;3613,5;;;
222;PKO BP;Konto B2B;Konto B2B czerwiec performance;June;Afiliacja;Bankier;Bankier;Wydawca;2021;1500;;;142,5;1642,5;;;
222;PKO BP;Konto B2B;Konto B2B czerwiec performance;June;Direct;Bankier;Bankier;Link sponsorowany;2021;7000;;;665;7665;;;
222;PKO BP;Konto B2B;Konto B2B czerwiec performance;June;Direct;Comperia;Comperia;Ranking;2021;20000;;;1900;21900;;;
222;PKO BP;Konto B2B;Konto B2B czerwiec wizerunek;June;Direct;Piotr Segieta;Kontomaniak;Ranking;2021;3000;;;285;3285;;;
222;PKO BP;Konto B2B;Konto B2B czerwiec wizerunek;June;Direct;Markonline;Wspieramyfirmy;Ranking;2021;5400;;;513;5913;;;
222;PKO BP;Konto B2B;Konto B2B czerwiec wizerunek;June;Direct;eBroker;eBroker;Ranking;2021;1900;;;180,5;2080,5;;;
222;PKO BP;Konto B2B;Konto B2B czerwiec wizerunek;June;Direct;Firmowa Kasa;Firmowa Kasa;Ranking;2021;2700;;;256,5;2956,5;;;
222;PKO BP;Konto B2B;Konto B2B czerwiec wizerunek;June;Direct;Niepoddawajsie;Niepoddawajsie;Ranking;2021;1200;;;114;1314;;;
222;PKO BP;Konto B2B;Konto B2B czerwiec wizerunek;June;Direct;Agora;Gazeta.pl;Mainboard;2021;28000;;;2660;30660;;;
222;PKO BP;Konto B2B;Konto B2B czerwiec wizerunek;June;Direct;WP;WP;Artykuˆ;2021;10000;;;950;10950;;;
222;PKO BP;Konto B2B;Konto B2B czerwiec wizerunek;June;Direct;WP;WP;Logout box;2021;35000;;;3325;38325;;;
222;PKO BP;Konto B2B;Konto B2B czerwiec wizerunek;June;Direct;RASP;BIM;Display;2021;59000;;;5605;64605;;;
222;PKO BP;Konto B2C;SEM brand;June;Programmatic;Google;Google Ads;Search;2021;113552,14;;;10787,46;124339,59;;;
222;PKO BP;Konto B2C;SEM brand;June;Programmatic;Google;Google Ads;Discovery;2021;9997,15;;;949,73;10946,88;;;
222;PKO BP;Konto B2C;SEM brand;June;Monitoring;Google;Campaign Manager;Campaign Manager;2021;192,67;;;0;192,67;;;
222;PKO BP;Konto B2C;SEM brand;June;Monitoring;Ubounce;Ubounce;Ubounce;2021;505,54;;;0;505,54;;;
222;PKO BP;Konto B2B;Konto B2B czerwiec afiliacja;June;Afiliacja;Afiliacja;Afiliacja;Bankier;2021;14700;;;1396,5;16096,5;;;
222;PKO BP;Konto B2B;Konto B2B czerwiec afiliacja;June;Afiliacja;Afiliacja;Afiliacja;Comperia;2021;7980;;;758,1;8738,1;;;
222;PKO BP;Konto B2B;Konto B2B czerwiec afiliacja;June;Afiliacja;Afiliacja;Afiliacja;Totalmoney;2021;2940;;;279,3;3219,3;;;
222;PKO BP;Konto B2B;Konto B2B czerwiec afiliacja;June;Afiliacja;Afiliacja;Afiliacja;Ebroker;2021;420;;;39,9;459,9;;;
222;PKO BP;Konto B2B;Konto B2B czerwiec afiliacja;June;Afiliacja;Afiliacja;Afiliacja;Leadstar;2021;2100;;;199,5;2299,5;;;
222;PKO BP;Konto B2C;Konto B2C czerwiec afiliacja;June;Afiliacja;Afiliacja;Afiliacja;Bankier;2021;8280;;;786,6;9066,6;;;
222;PKO BP;Konto B2C;Konto B2C czerwiec afiliacja;June;Afiliacja;Afiliacja;Afiliacja;Comperia;2021;22680;;;2154,6;24834,6;;;
222;PKO BP;Konto B2C;Konto B2C czerwiec afiliacja;June;Afiliacja;Afiliacja;Afiliacja;Totalmoney;2021;20520;;;1949,4;22469,4;;;
222;PKO BP;Konto B2C;Konto B2C czerwiec afiliacja;June;Afiliacja;Afiliacja;Afiliacja;Ebroker;2021;3600;;;342;3942;;;
222;PKO BP;Konto B2C;Konto B2C czerwiec afiliacja;June;Afiliacja;Afiliacja;Afiliacja;Leadstar;2021;8820;;;837,9;9657,9;;;
222;PKO BP;Kredyt B2B;Kredyt B2B czerwiec afiliacja;June;Afiliacja;Afiliacja;Afiliacja;Bankier;2021;400;;;38;438;;;
222;PKO BP;Kredyt B2B;Kredyt B2B czerwiec afiliacja;June;Afiliacja;Afiliacja;Afiliacja;Ebroker;2021;270;;;25,65;295,65;;;
222;PKO BP;Kredyt B2B;Kredyt B2B styczeä performance;January;Programmatic;Google;DV360;Display;2021;6001,19;;;570,11;6571,3;;;
222;PKO BP;Kredyt B2B;Kredyt B2B styczeä performance;January;Programmatic;Facebook;Facebook BM;Post;2021;4000;;;380;4380;;;
222;PKO BP;Kredyt B2B;Kredyt B2B styczeä performance;January;Programmatic;Google;Google Ads;Search;2021;36239,57;;;3442,76;39682,33;;;
222;PKO BP;Kredyt B2B;Kredyt B2B styczeä performance;January;Programmatic;Google;Google Ads;Discovery;2021;9585,59;;;910,63;10496,22;;;
222;PKO BP;Kredyt B2B;Kredyt B2B styczeä performance;January;Direct;Only Smart Actions;Only Smart Actions;Mailing;2021;8002,8;;;760,27;8763,07;;;
222;PKO BP;Kredyt B2B;Kredyt B2B styczeä performance;January;Direct;Mobile B2B;Mobile B2B;Mailing;2021;3000;;;285;3285;;;
222;PKO BP;Kredyt B2B;Kredyt B2B styczeä performance;January;Direct;We love media;We love media;Mailing;2021;3999,6;;;379,96;4379,56;;;
222;PKO BP;Kredyt B2B;Kredyt B2B styczeä performance;January;Direct;Sarigato;Sarigato;Mailing;2021;3000;;;285;3285;;;
222;PKO BP;Kredyt B2B;Kredyt B2B styczeä performance;January;Direct;eGospodarka;eGospodarka;Mailing;2021;3000;;;285;3285;;;
222;PKO BP;Kredyt B2B;Kredyt B2B styczeä performance;January;Monitoring;Google;Campaign Manager;Campaign Manager;2021;275,55;;;;275,55;;;
222;PKO BP;Kredyt B2B;Kredyt B2B styczeä wizerunek;January;Direct;Bonnier;Puls Medycyny;Screening;2021;11500;;;1092,5;12592,5;;;
222;PKO BP;Kredyt B2B;Kredyt B2B styczeä wizerunek;January;Direct;Wiedza i Praktyka;Portal Kadrowy;Double billboard;2021;6500;;;617,5;7117,5;;;
222;PKO BP;Kredyt B2B;Kredyt B2B styczeä wizerunek;January;Direct;Yanosik;Yanosik;Menu Okazje;2021;4500;;;427,5;4927,5;;;
222;PKO BP;Kredyt B2B;Kredyt B2B styczeä wizerunek;January;Direct;Wolters Kluwer;Prawo;Rectangle;2021;9000;;;855;9855;;;
222;PKO BP;Kredyt B2B;Kredyt B2B styczeä wizerunek;January;Direct;PTWP ;Rynek Zdrowia;Double billboard;2022;16590;;;1576,05;18166,05;;;
222;PKO BP;Kredyt B2B;Kredyt B2B styczeä wizerunek;January;Direct;RASP;Medonet;Sponsoring;2022;28000;;;2660;30660;;;
222;PKO BP;Konto B2B;Konto B2B styczeä performance;January;Programmatic;Google;Google Ads;Search;2022;17610,89;;;1673,03;19283,92;;;
222;PKO BP;Konto B2B;Konto B2B styczeä performance;January;Programmatic;Google;Google Ads;Discovery;2022;3968,9;;;377,05;4345,95;;;
222;PKO BP;Konto B2B;Konto B2B styczeä performance;January;Programmatic;Facebook;Facebook BM;Post;2022;631;;;59,95;690,95;;;
222;PKO BP;Konto B2B;Konto B2B styczeä performance;January;Monitoring;Google;Campaign Manager;Campaign Manager;2022;63,05;;;;63,05;;;
222;PKO BP;Konto B2B;Konto B2B styczeä wizerunek;January;Direct;Polsat;Interia;Poczta Premium;2022;10000;;;950;10950;;;
222;PKO BP;Konto B2C;SEM brand;January;Programmatic;Google;Google Ads;Search;2022;26971,58;;;2562,3;29533,88;;;
222;PKO BP;Konto B2C;SEM brand;January;Programmatic;Google;Google Ads;Discovery;2022;5470,47;;;519,69;5990,16;;;
222;PKO BP;Konto B2C;SEM brand;January;Monitoring;Google;Campaign Manager;Campaign Manager;2022;96,01;;;;96,01;;;
222;PKO BP;Konto B2C;Lokaty;January;Programmatic;Google;Google Ads;Search;2022;13799,9;;;1310,99;15110,89;;;
222;PKO BP;Konto B2C;Lokaty;January;Programmatic;Facebook;Facebook BM;Post;2022;2915,84;;;277;3192,84;;;
222;PKO BP;Konto B2C;Lokaty;January;Monitoring;Google;Campaign Manager;Campaign Manager;2022;60,78;;;;60,78;;;
222;PKO BP;Kredyt B2B;Hotjar;January;Monitoring;Hotjar;Hotjar;Hotjar;2022;178,22;;;;178,22;;;
222;PKO BP;Kredyt B2B;Roivenue;January;Monitoring;Roivenue;Roivenue;Roivenue;2022;2874,8;;;;2874,8;;;
222;PKO BP;Kredyt B2B;Kredyt B2B styczeä afiliacja;January;Afiliacja;Afiliacja;Afiliacja;Afiliacja;2022;490;;;46,55;536,55;;;
222;PKO BP;Konto B2B;Konto B2B styczeä afiliacja;January;Afiliacja;Afiliacja;Afiliacja;Afiliacja;2022;8820;;;837,9;9657,9;;;
222;PKO BP;Kredyt B2B;Kredyt B2B luty performance;February;Programmatic;Facebook;Facebook BM;Post;2022;1649,05;;;156,66;1805,71;;;
222;PKO BP;Kredyt B2B;Kredyt B2B luty performance;February;Programmatic;Google;Google Ads;Search;2022;32492,16;;;3086,76;35578,92;;;
222;PKO BP;Kredyt B2B;Kredyt B2B luty performance;February;Programmatic;Google;Google Ads;Discovery;2022;6133,65;;;582,7;6716,35;;;
222;PKO BP;Kredyt B2B;Kredyt B2B luty performance;February;Direct;eBroker;eBroker;Ranking;2022;951,72;;;90,41;1042,13;;;
222;PKO BP;Kredyt B2B;Kredyt B2B luty performance;February;Monitoring;Google;Campaign Manager;Campaign Manager;2022;112,7;;;;112,7;;;
222;PKO BP;Kredyt B2B;Kredyt B2B luty wizerunek;February;Programmatic;Google;DV360;Display;2022;4399,88;;;417,99;4817,87;;;
222;PKO BP;Kredyt B2B;Kredyt B2B luty wizerunek;February;Direct;Comperia;Comperia;Ranking;2022;14000;;;1330;15330;;;
222;PKO BP;Konto B2B;Konto B2B luty performance;February;Programmatic;Google;Google Ads;Search;2022;20076,16;;;1907,24;21983,4;;;
222;PKO BP;Konto B2B;Konto B2B luty performance;February;Programmatic;Google;Google Ads;Display;2022;4805,24;;;456,5;5261,74;;;
222;PKO BP;Konto B2B;Konto B2B luty performance;February;Programmatic;Google;Google Ads;Discovery;2022;1592,27;;;151,27;1743,54;;;
222;PKO BP;Konto B2B;Konto B2B luty performance;February;Monitoring;Google;Campaign Manager;Campaign Manager;2022;86;;;;86;;;
222;PKO BP;Konto B2B;Konto B2B luty performance;February;Direct;Only Smart Actions;Only Smart Actions;Mailing;2022;1400,3;;;133,03;1533,33;;;
222;PKO BP;Konto B2B;Konto B2B luty performance;February;Direct;Mobile B2B;Mobile B2B;Mailing;2022;1398,6;;;132,87;1531,47;;;
222;PKO BP;Konto B2B;Konto B2B luty performance;February;Direct;We love media;We love media;Mailing;2022;1400;;;133;1533;;;
222;PKO BP;Konto B2B;Konto B2B luty performance;February;Direct;eBroker;eBroker;Ranking;2022;806,67;;;76,63;883,3;;;
222;PKO BP;Konto B2B;Konto B2B luty wizerunek;February;Programmatic;Google;DV360;Display;2022;9998,95;;;949,9;10948,85;;;
222;PKO BP;Konto B2B;Konto B2B luty wizerunek;February;Direct;RASP;Onet;Sponsoring Logowania Poczty Premium;2022;16500;;;1567,5;18067,5;;;
222;PKO BP;Konto B2C;SEM brand;February;Programmatic;Google;Google Ads;Search;2022;22773,36;;;2163,47;24936,83;;;
222;PKO BP;Konto B2C;SEM brand;February;Programmatic;Google;Google Ads;Discovery;2022;8591,63;;;816,21;9407,84;;;
222;PKO BP;Konto B2C;SEM brand;February;Monitoring;Google;Campaign Manager;Campaign Manager;2022;93,48;;;;93,48;;;
222;PKO BP;Konto B2C;SEM brand;February;Programmatic;Facebook;Facebook BM;Post;2022;2805,92;;;266,56;3072,48;;;
222;PKO BP;Kredyt B2B;Hotjar;February;Monitoring;Hotjar;Hotjar;Hotjar;2022;181,77;;;;181,77;;;
222;PKO BP;Kredyt B2B;Roivenue;February;Monitoring;Roivenue;Roivenue;Roivenue;2022;2932,11;;;;2932,11;;;
222;PKO BP;Kredyt B2B;Kredyt B2B luty afiliacja;February;Afiliacja;Afiliacja;Afiliacja;Bankier;2022;3120;;;296,4;3416,4;;;
222;PKO BP;Kredyt B2B;Kredyt B2B luty afiliacja;February;Afiliacja;Afiliacja;Afiliacja;eBroker;2022;360;;;34,2;394,2;;;
222;PKO BP;Konto B2B;Konto B2B luty afiliacja;February;Afiliacja;Afiliacja;Afiliacja;Bankier;2022;8400;;;798;9198;;;
222;PKO BP;Konto B2B;Konto B2B luty afiliacja;February;Afiliacja;Afiliacja;Afiliacja;Comperia;2022;4620;;;438,9;5058,9;;;
222;PKO BP;Konto B2B;Konto B2B luty afiliacja;February;Afiliacja;Afiliacja;Afiliacja;Totalmoney;2022;4620;;;438,9;5058,9;;;
222;PKO BP;Konto B2B;Konto B2B luty afiliacja;February;Afiliacja;Afiliacja;Afiliacja;Ebroker;2022;1680;;;159,6;1839,6;;;
222;PKO BP;Konto B2C;Konto B2C luty afiliacja - Bankier. Comperia;February;Afiliacja;Afiliacja;Afiliacja;Bankier;2022;16920;;;1607,4;18527,4;;;
222;PKO BP;Konto B2C;Konto B2C luty afiliacja - Bankier. Comperia;February;Afiliacja;Afiliacja;Afiliacja;Comperia;2022;72360;;;6874,2;79234,2;;;
222;PKO BP;Konto B2C;Konto B2C luty afiliacja - Totalmoney. eBroker. Leadstar;February;Afiliacja;Afiliacja;Afiliacja;Totalmoney;2022;108900;;;10345,5;119245,5;;;
222;PKO BP;Konto B2C;Konto B2C luty afiliacja - Totalmoney. eBroker. Leadstar;February;Afiliacja;Afiliacja;Afiliacja;Ebroker;2022;23940;;;2274,3;26214,3;;;
222;PKO BP;Konto B2C;Konto B2C luty afiliacja - Totalmoney. eBroker. Leadstar;February;Afiliacja;Afiliacja;Afiliacja;Leadstar;2022;4140;;;393,3;4533,3;;;
222;PKO BP;Konto B2C;Konto B2C luty afiliacja - Totalmoney. eBroker. Leadstar;;;;;;;;;;;0;;;
222;PKO BP;Kredyt B2B;Kredyt B2B marzec performance;March;Programmatic;Google;Google Ads;Search;2022;42085,2;;;3998,09;46083,29;;;
222;PKO BP;Kredyt B2B;Kredyt B2B marzec performance;March;Programmatic;Google;Google Ads;Discovery;2022;2905,55;;;276,03;3181,58;;;
222;PKO BP;Kredyt B2B;Kredyt B2B marzec performance;March;Programmatic;Facebook;Facebook BM;Post;2022;3000;;;285;3285;;;
222;PKO BP;Kredyt B2B;Kredyt B2B marzec performance;March;Monitoring;Google;Campaign Manager;Campaign Manager;2022;173,99;;;;173,99;;;
222;PKO BP;Kredyt B2B;Kredyt B2B marzec performance;March;Direct;eBroker;eBroker;Ranking;2022;1303;;;123,79;1426,79;;;
222;PKO BP;Kredyt B2B;Kredyt B2B marzec wizerunek;March;Programmatic;Google;DV360;Display;2022;3109,23;;;295,38;3404,61;;;
222;PKO BP;Kredyt B2B;Kredyt B2B marzec wizerunek;March;Direct;Comperia;Comperia;Ranking;2022;10000;;;950;10950;;;
222;PKO BP;Konto B2B;Konto B2B marzec performance;March;Programmatic;Google;Google Ads;Search;2022;31157,52;;;2959,96;34117,48;;;
222;PKO BP;Konto B2B;Konto B2B marzec performance;March;Programmatic;Google;Google Ads;Discovery;2022;5185,32;;;492,61;5677,93;;;
222;PKO BP;Konto B2B;Konto B2B marzec performance;March;Programmatic;Linkedin;Linkedin;Linkedin;2022;6110,32;;;580,48;6690,8;;;
222;PKO BP;Konto B2B;Konto B2B marzec performance;March;Monitoring;Google;Campaign Manager;Campaign Manager;2022;173,99;;;;173,99;;;
222;PKO BP;Konto B2B;Konto B2B marzec performance;March;Direct;Only Smart Actions;Only Smart Actions;Mailing;2022;3501,7;;;332,66;3834,36;;;
222;PKO BP;Konto B2B;Konto B2B marzec performance;March;Direct;Mersigo;Mersigo;Mailing;2022;1000;;;95;1095;;;
222;PKO BP;Konto B2B;Konto B2B marzec performance;March;Direct;WP;WP;Mailing;2022;1188;;;112,86;1300,86;;;
222;PKO BP;Konto B2B;Konto B2B marzec performance;March;Direct;Email Partners;Email Partners;Mailing;2022;7500;;;712,5;8212,5;;;
222;PKO BP;Konto B2B;Konto B2B marzec performance;March;Direct;Mobile B2B;Mobile B2B;Mailing;2022;2000;;;190;2190;;;
222;PKO BP;Konto B2B;Konto B2B marzec performance;March;Direct;Bankier;Bankier;Ranking;2022;9000;;;855;9855;;;
222;PKO BP;Konto B2B;Konto B2B marzec performance;March;Direct;Bankier;Bankier;Ranking;2022;5000;;;475;5475;;;
222;PKO BP;Konto B2B;Konto B2B marzec performance;March;Direct;Kontomaniak;Kontomaniak;Ranking;2022;1452;;;137,94;1589,94;;;
222;PKO BP;Konto B2B;Konto B2B marzec performance;March;Direct;eBroker;eBroker;Ranking;2022;1256;;;119,32;1375,32;;;
222;PKO BP;Konto B2B;Konto B2B marzec wizerunek;March;Programmatic;Google;DV360;Display;2022;9000;;;855;9855;;;
222;PKO BP;Konto B2C;SEM brand;March;Programmatic;Google;Google Ads;Search;2022;34269,66;;;3255,62;37525,28;;;
222;PKO BP;Konto B2C;SEM brand;March;Programmatic;Google;Google Ads;Discovery;2022;11340,67;;;1077,36;12418,03;;;
222;PKO BP;Konto B2C;SEM brand;March;Monitoring;Google;Campaign Manager;Campaign Manager;2022;173,99;;;;173,99;;;
222;PKO BP;Kredyt B2B;Hotjar;March;Monitoring;Hotjar;Hotjar;Hotjar;2022;181,38;;;;181,38;;;
222;PKO BP;Kredyt B2B;Roivenue;March;Monitoring;Roivenue;Roivenue;Roivenue;2022;2925,76;;;;2925,76;;;
222;PKO BP;Kredyt B2B;Kredyt B2B marzec afiliacja;March;Afiliacja;Afiliacja;Afiliacja;Bankier;2022;1520;;;144,4;1664,4;;;
222;PKO BP;Kredyt B2B;Kredyt B2B marzec afiliacja;March;Afiliacja;Afiliacja;Afiliacja;eBroker;2022;1440;;;136,8;1576,8;;;
222;PKO BP;Kredyt B2B;Kredyt B2B marzec afiliacja;March;Afiliacja;Afiliacja;Afiliacja;Leadstar;2022;0;;;0;0;;;
222;PKO BP;Kredyt B2B;Konto B2B marzec afiliacja;March;Afiliacja;Afiliacja;Afiliacja;Bankier;2022;10080;;;957,6;11037,6;;;
222;PKO BP;Konto B2B;Konto B2B marzec afiliacja;March;Afiliacja;Afiliacja;Afiliacja;Comperia;2022;5040;;;478,8;5518,8;;;
222;PKO BP;Konto B2B;Konto B2B marzec afiliacja;March;Afiliacja;Afiliacja;Afiliacja;Totalmoney;2022;3360;;;319,2;3679,2;;;
222;PKO BP;Konto B2B;Konto B2B marzec afiliacja;March;Afiliacja;Afiliacja;Afiliacja;eBroker;2022;3780;;;359,1;4139,1;;;
222;PKO BP;Konto B2B;Konto B2B marzec afiliacja;March;Afiliacja;Afiliacja;Afiliacja;Leadstar;2022;420;;;39,9;459,9;;;
222;PKO BP;Konto B2C;Konto B2C marzec afiliacja - Bankier. Comperia;March;Afiliacja;Afiliacja;Afiliacja;Bankier;2022;7020;;;666,9;7686,9;;;
222;PKO BP;Konto B2C;Konto B2C marzec afiliacja - Bankier. Comperia;March;Afiliacja;Afiliacja;Afiliacja;Comperia;2022;13680;;;1299,6;14979,6;;;
222;PKO BP;Konto B2C;Konto B2C marzec afiliacja - Totalmoney. eBroker, Leadstar;March;Afiliacja;Afiliacja;Afiliacja;Totalmoney;2022;12960;;;1231,2;14191,2;;;
222;PKO BP;Konto B2C;Konto B2C marzec afiliacja - Totalmoney. eBroker, Leadstar;March;Afiliacja;Afiliacja;Afiliacja;eBroker;2022;3780;;;359,1;4139,1;;;
222;PKO BP;Konto B2C;Konto B2C marzec afiliacja - Totalmoney. eBroker, Leadstar;March;Afiliacja;Afiliacja;Afiliacja;Leadstar;2022;2700;;;256,5;2956,5;;;
222;PKO BP;Kredyt B2B;Kredyt B2B kwiecieä performance;April;Programmatic;Google;Google Ads;Search;2022;42265,25;;;4015,2;46280,45;;;
222;PKO BP;Kredyt B2B;Kredyt B2B kwiecieä performance;April;Programmatic;Google;Google Ads;Discovery;2022;3726,96;;;354,06;4081,02;;;
222;PKO BP;Kredyt B2B;Kredyt B2B kwiecieä performance;April;Programmatic;Microsoft;Microsoft Ads;Search;2022;881,21;;;83,71;964,92;;;
222;PKO BP;Kredyt B2B;Kredyt B2B kwiecieä performance;April;Programmatic;LinkedIn;LinkedIn;LinkedIn;2022;8062,96;;;765,98;8828,94;;;
222;PKO BP;Kredyt B2B;Kredyt B2B kwiecieä performance;April;Monitoring;Google;Campaign Manager;Campaign Manager;2022;333,33;;;;333,33;;;
222;PKO BP;Kredyt B2B;Kredyt B2B kwiecieä performance;April;Programmatic;Google;DV360;Display;2022;2900,01;;;275,5;3175,51;;;
222;PKO BP;Kredyt B2B;Kredyt B2B kwiecieä performance;April;Monitoring;Hotjar;Hotjar;Hotjar;2022;182,97;;;;182,97;;;
222;PKO BP;Kredyt B2B;Kredyt B2B kwiecieä performance;April;Monitoring;Roivenue;Roivenue;Roivenue;2022;422,24;;;;422,24;;;
222;PKO BP;Konto B2B;Konto B2B kwiecieä performance;April;Programmatic;Google;Google Ads;Search;2022;58853,76;;;5591,11;64444,87;;;
222;PKO BP;Konto B2B;Konto B2B kwiecieä performance;April;Programmatic;Microsoft;Microsoft Ads;Search;2022;975,38;;;92,66;1068,04;;;
222;PKO BP;Konto B2B;Konto B2B kwiecieä performance;April;Programmatic;Linkedin;Linkedin;Linkedin;2022;15026,83;;;1427,55;16454,38;;;
222;PKO BP;Konto B2B;Konto B2B kwiecieä performance;April;Programmatic;Facebook;Facebook BM;Post;2022;20387,23;;;1936,79;22324,02;;;
222;PKO BP;Konto B2B;Konto B2B kwiecieä performance;April;Monitoring;Google;Campaign Manager;Campaign Manager;2022;333,33;;;;333,33;;;
222;PKO BP;Konto B2B;Konto B2B kwiecieä performance;April;Direct;Only Smart Actions;Only Smart Actions;Mailing;2022;4000;;;380;4380;;;
222;PKO BP;Konto B2B;Konto B2B kwiecieä performance;April;Direct;We love media;We love media;Mailing;2022;2500;;;237,5;2737,5;;;
222;PKO BP;Konto B2B;Konto B2B kwiecieä performance;April;Direct;Mobile B2B;Mobile B2B;Mailing;2022;2500;;;237,5;2737,5;;;
222;PKO BP;Konto B2B;Konto B2B kwiecieä performance;April;Direct;My Company;My Company;Mailing;2022;5000;;;475;5475;;;
222;PKO BP;Konto B2B;Konto B2B kwiecieä performance;April;Direct;WP;WP;Mailing;2022;1683,5;;;159,93;1843,43;;;
222;PKO BP;Konto B2B;Konto B2B kwiecieä performance;April;Direct;Wspieramyfirmy;Wspieramyfirmy;Ranking;2022;5400;;;513;5913;;;
222;PKO BP;Konto B2B;Konto B2B kwiecieä performance;April;Programmatic;Google;DV360;Display;2022;4999,18;;;474,92;5474,1;;;
222;PKO BP;Konto B2B;Konto B2B kwiecieä performance;April;Direct;RASP;Sponsoring Logowania;Display;2022;14500;;;1377,5;15877,5;;;
222;PKO BP;Konto B2B;Konto B2B kwiecieä wizerunek;April;Direct;RASP;BIM;Display;2022;42000;;;3990;45990;;;
222;PKO BP;Konto B2B;Konto B2B kwiecieä wizerunek;April;Direct;Email Partners;Email Partners;Mailing;2022;9000;;;855;9855;;;
222;PKO BP;Konto B2B;Konto B2B kwiecieä wizerunek;April;Direct;WP;WP;Logout box;2022;37500;;;3562,5;41062,5;;FVR/00719/05/22 sum 35000,00;
222;PKO BP;Konto B2B;Konto B2B kwiecieä wizerunek;April;Direct;Agora;Gazeta.pl;Premium Board;2022;27000;;;2565;29565;;FA/0430/02765/22/WA sum 27000,00;
222;PKO BP;Konto B2B;Konto B2B kwiecieä wizerunek;April;Direct;Agora;Gazeta.pl;Mainboard;2022;28000;;;2660;30660;;FA/0430/02765/22/WA sum 28000,00;
222;PKO BP;Konto B2C;SEM brand;April;Programmatic;Google;Google Ads;Search;2022;61077,42;;;5802,35;66879,77;;4121458604 sum 61077,42;
222;PKO BP;Konto B2C;SEM brand;April;Programmatic;Google;Google Ads;Discovery;2022;11190,7;;;1063,12;12253,82;;"4121458604 sum 11181,06; 4120106799 sum191,03";
222;PKO BP;Konto B2C;SEM brand;April;Monitoring;Google;Campaign Manager;Campaign Manager;2022;333,33;;;;333,33;;;
222;PKO BP;Konto B2C;SEM brand;April;Other;Pandagency;Pandagency;Kreacje;2022;4940;;;;4940;;;
222;PKO BP;Konto B2C;SEM brand;April;Other;Pandagency;Pandagency;Kreacje;2022;3202,73;;;;3202,73;;;
222;PKO BP;Kredyt B2B;Kredyt B2B kwiecieä afiliacja;April;Afiliacja;Afiliacja;Afiliacja;Bankier;2022;1760;;;167,2;1927,2;;;
222;PKO BP;Kredyt B2B;Kredyt B2B kwiecieä afiliacja;April;Afiliacja;Afiliacja;Afiliacja;Ebroker;2022;270;;;25,65;295,65;;;
222;PKO BP;Kredyt B2B;Kredyt B2B kwiecieä afiliacja;April;Afiliacja;Afiliacja;Afiliacja;Leadstar;2022;;;;;0;;;
222;PKO BP;Konto B2B;Konto B2B kwiecieä afiliacja;April;Afiliacja;Afiliacja;Afiliacja;Bankier;2022;23520;;;2234,4;25754,4;;;
222;PKO BP;Konto B2B;Konto B2B kwiecieä afiliacja;April;Afiliacja;Afiliacja;Afiliacja;Ebroker;2022;420;;;39,9;459,9;;;
222;PKO BP;Konto B2B;Konto B2B kwiecieä afiliacja;April;Afiliacja;Afiliacja;Afiliacja;Leadstar;2022;;;;;0;;;
222;PKO BP;Konto B2C;Konto B2C kwiecieä afiliacja;April;Afiliacja;Afiliacja;Afiliacja;Bankier;2022;5220;;;495,9;5715,9;;;
222;PKO BP;Konto B2C;Konto B2C kwiecieä afiliacja;April;Afiliacja;Afiliacja;Afiliacja;Comperia;2022;17820;;;1692,9;19512,9;;FS/45/04/2022 sum 15840,00;
222;PKO BP;Konto B2C;Konto B2C kwiecieä afiliacja;April;Afiliacja;Afiliacja;Afiliacja;Ebroker;2022;4860;;;461,7;5321,7;;;
222;PKO BP;Konto B2C;Konto B2C kwiecieä afiliacja;April;Afiliacja;Afiliacja;Afiliacja;Leadstar;2022;2340;;;222,3;2562,3;;;
222;PKO BP;Kredyt B2B;Kredyt B2B kwiecieä performance;April;Programmatic;Facebook;Facebook BM;Post;2022;16006,62;;;1520,63;17527,25;;230335984 sum 16006,62;
222;PKO BP;Konto B2B;Konto B2B kwiecieä performance;April;Direct;Piotr Segieta;Kontomaniak;Ranking;2022;4000;;;380;4380;;VAT nr 45/2022 sum 4000,0;
222;PKO BP;Konto B2B;Konto B2B kwiecieä performance;April;Direct;WP;WP;Artykuˆ;2022;7500;;;712,5;8212,5;;FVR/00719/05/22 sum 10000,00;
222;PKO BP;Konto B2B;Konto B2B kwiecieä afiliacja;April;Afiliacja;Afiliacja;Afiliacja;Comperia;2022;5040;;;478,8;5518,8;;FS/45/04/2022 sum 5040,00;
222;PKO BP;Konto B2B;Konto B2B kwiecieä afiliacja;April;Afiliacja;Afiliacja;Afiliacja;Totalmoney;2022;1260;;;119,7;1379,7;;FVR/00026/04/22 sum 3360,0;
222;PKO BP;Konto B2C;Konto B2C kwiecieä afiliacja;April;Afiliacja;Afiliacja;Afiliacja;Totalmoney;2022;15480;;;1470,6;16950,6;;FVR/00026/04/22 sum 15840,00;
222;PKO BP;Kredyt B2B;Kredyt B2B maj performance;May;Programmatic;Google;Google Ads;Search;2022;60142,7;;;5713,56;65856,26;;;
222;PKO BP;Kredyt B2B;Kredyt B2B maj performance;May;Programmatic;Google;Google Ads;Discovery;2022;3889,14;;;369,47;4258,61;;;
222;PKO BP;Kredyt B2B;Kredyt B2B maj performance;May;Programmatic;LinkedIn;LinkedIn;LinkedIn;2022;7936,94;;;754,01;8690,95;;;
222;PKO BP;Kredyt B2B;Kredyt B2B maj performance;May;Programmatic;Facebook;Facebook BM;Post;2022;18001,77;;;1710,17;19711,94;;;
222;PKO BP;Kredyt B2B;Kredyt B2B maj performance;May;Monitoring;Google;Campaign Manager;Campaign Manager;2022;465,42;;;;465,42;;;
222;PKO BP;Kredyt B2B;Kredyt B2B maj performance;May;Programmatic;Google;DV360;Display;2022;7000,26;;;665,02;7665,28;;;
222;PKO BP;Kredyt B2B;Kredyt B2B maj performance;May;Direct;WP;WP;Logout box;2022;35000;;;3325;38325;;;
222;PKO BP;Kredyt B2B;Kredyt B2B maj performance;May;Monitoring;Hotjar;Hotjar;Hotjar;2022;178,89;;;;178,89;;;
222;PKO BP;Kredyt B2B;Kredyt B2B maj performance;May;Direct;Only Smart Actions;Only Smart Actions;Mailing;2022;4001,4;;;380,13;4381,53;;;
222;PKO BP;Kredyt B2B;Kredyt B2B maj performance;May;Direct;WP;WP;Mailing;2022;1350;;;128,25;1478,25;;;
222;PKO BP;Kredyt B2B;Kredyt B2B maj performance;May;Direct;Email Partners;Email Partners;Mailing;2022;5000;;;475;5475;;;
222;PKO BP;Konto B2B;Konto B2B maj performance;May;Programmatic;Google;Google Ads;Search;2022;66260,64;;;6294,76;72555,4;;;
222;PKO BP;Konto B2B;Konto B2B maj performance;May;Programmatic;Google;Google Ads;Discovery;2022;8395,99;;;797,62;9193,61;;;
222;PKO BP;Konto B2B;Konto B2B maj performance;May;Programmatic;Linkedin;Linkedin;Linkedin;2022;14846,86;;;1410,45;16257,31;;;
222;PKO BP;Konto B2B;Konto B2B maj performance;May;Programmatic;Facebook;Facebook BM;Post;2022;25016,33;;;2376,55;27392,88;;;
222;PKO BP;Konto B2B;Konto B2B maj performance;May;Programmatic;Criteo;Criteo;Criteo;2022;24563,56;;;2333,54;26897,1;;;
222;PKO BP;Konto B2B;Konto B2B maj performance Mailing. Programmatic;May;Direct;Only Smart Actions;Only Smart Actions;Mailing;2022;4001,4;;;380,13;4381,53;;;
222;PKO BP;Konto B2B;Konto B2B maj performance Mailing. Programmatic;May;Direct;We love media;We love media;Mailing;2022;2500;;;237,5;2737,5;;;
222;PKO BP;Konto B2B;Konto B2B maj performance Mailing. Programmatic;May;Direct;Mobile B2B;Mobile B2B;Mailing;2022;2500;;;237,5;2737,5;;;
222;PKO BP;Konto B2B;Konto B2B maj performance Mailing. Programmatic;May;Direct;Morizon;Morizon;Mailing;2022;3000;;;285;3285;;;
222;PKO BP;Konto B2B;Konto B2B maj performance Mailing. Programmatic;May;Direct;My Company;My Company;Mailing;2022;5000;;;475;5475;;;
222;PKO BP;Konto B2B;Konto B2B maj performance Mailing. Programmatic;May;Direct;WP;WP;Mailing;2022;1634;;;155,23;1789,23;;;
222;PKO BP;Konto B2B;Konto B2B maj performance Mailing. Programmatic;May;Direct;Email Partners;Email Partners;Mailing;2022;9000;;;855;9855;;;
222;PKO BP;Konto B2B;Konto B2B maj performance Mailing. Programmatic;May;Direct;eGospodarka;eGospodarka;Mailing;2022;3000;;;285;3285;;;
222;PKO BP;Konto B2B;Konto B2B maj performance Mailing. Programmatic;May;Programmatic;Google;DV360;Display;2022;14998,05;;;1424,81;16422,86;;;
222;PKO BP;Konto B2B;Konto B2B maj wizerunek;May;Direct;Cleverprofit;Cleverprofit;Ranking;2022;4600;;;437;5037;;;
222;PKO BP;Konto B2B;Konto B2B maj wizerunek;May;Direct;Wspieramyfirmy;Wspieramyfirmy;Ranking;2022;5400;;;513;5913;;;
222;PKO BP;Konto B2B;Konto B2B maj wizerunek;May;Direct;eBroker;eBroker;Ranking;2022;1900;;;180,5;2080,5;;;
222;PKO BP;Konto B2B;Konto B2B maj wizerunek;May;Direct;Wprost;Wprost;Topboard;2022;26750;;;2541,25;29291,25;;;
222;PKO BP;Konto B2B;Konto B2B maj wizerunek;May;Direct;OLX;OLX;Full Listing Branding;2022;32000;;;3040;35040;;;
222;PKO BP;Konto B2B;Konto B2B maj wizerunek;May;Direct;Agora;Wyborcza;Dni¢wka;2022;4750;;;451,25;5201,25;;;
222;PKO BP;Konto B2B;Konto B2B maj wizerunek;May;Direct;Agora;Gazeta.pl;Premium Board;2022;27000;;;2565;29565;;;
222;PKO BP;Konto B2B;Konto B2B maj wizerunek;May;Direct;Agora;Gazeta.pl;Mainboard;2022;28000;;;2660;30660;;;
222;PKO BP;Konto B2B;Konto B2B maj wizerunek WP. Onet;May;Direct;WP;WP;Artykuˆ;2022;7500;;;712,5;8212,5;;;
222;PKO BP;Konto B2B;Konto B2B maj wizerunek WP. Onet;May;Direct;WP;WP;Logout box;2022;37500;;;3562,5;41062,5;;;
222;PKO BP;Konto B2B;Konto B2B maj wizerunek WP. Onet;May;Direct;RASP;BIM;Display;2022;59000;;;5605;64605;;;
222;PKO BP;Konto B2C;SEM brand;May;Programmatic;Google;Google Ads;Search;2022;86610,3;;;8227,98;94838,28;;;
222;PKO BP;Konto B2C;SEM brand;May;Programmatic;Google;Google Ads;Discovery;2022;3885,8;;;369,15;4254,95;;;
222;PKO BP;Konto B2C;SEM brand;May;Monitoring;Google;Campaign Manager;Campaign Manager;2022;9589,59;;;;9589,59;;;
222;PKO BP;Konto B2C;SEM brand;May;Monitoring;Ubounce;Ubounce;Ubounce;2022;495,39;;;;495,39;;;
222;PKO BP;Konto B2C;SEM brand;May;Monitoring;Roivenue;Roivenue;Roivenue;2022;3101,34;;;;3101,34;;;
222;PKO BP;Konto B2C;SEM brand;May;Other;Pandagency;Pandagency;Kreacje;2022;11230;;;;11230;;;
222;PKO BP;Kredyt B2B;Kredyt B2B maj afiliacja;May;Afiliacja;Afiliacja;Afiliacja;Ebroker;2022;160;;;15,2;175,2;;;
222;PKO BP;Konto B2B;Konto B2B maj afiliacja;May;Afiliacja;Afiliacja;Afiliacja;Bankier;2022;16800;;;1596;18396;;;
222;PKO BP;Konto B2B;Konto B2B maj afiliacja;May;Afiliacja;Afiliacja;Afiliacja;Comperia;2022;6300;;;598,5;6898,5;;;
222;PKO BP;Konto B2B;Konto B2B maj afiliacja;May;Afiliacja;Afiliacja;Afiliacja;Totalmoney;2022;2940;;;279,3;3219,3;;;
222;PKO BP;Konto B2B;Konto B2B maj afiliacja;May;Afiliacja;Afiliacja;Afiliacja;Ebroker;2022;2100;;;199,5;2299,5;;;
222;PKO BP;Konto B2B;Konto B2B maj afiliacja;May;Afiliacja;Afiliacja;Afiliacja;Leadstar;2022;1260;;;119,7;1379,7;;;
222;PKO BP;Konto B2C;Konto B2C maj afiliacja;May;Afiliacja;Afiliacja;Afiliacja;Bankier;2022;7560;;;718,2;8278,2;;;
222;PKO BP;Konto B2C;Konto B2C maj afiliacja;May;Afiliacja;Afiliacja;Afiliacja;Comperia;2022;12960;;;1231,2;14191,2;;;
222;PKO BP;Konto B2C;Konto B2C maj afiliacja;May;Afiliacja;Afiliacja;Afiliacja;Totalmoney;2022;17100;;;1624,5;18724,5;;;
222;PKO BP;Konto B2C;Konto B2C maj afiliacja;May;Afiliacja;Afiliacja;Afiliacja;Ebroker;2022;5580;;;530,1;6110,1;;;
222;PKO BP;Konto B2C;Konto B2C maj afiliacja;May;Afiliacja;Afiliacja;Afiliacja;Leadstar;2022;4680;;;444,6;5124,6;;;
222;PKO BP;Kredyt B2B;Kredyt B2B lipiec performance;July;Programmatic;Google;Google Ads;Search;2022;54715,27;;;5197,95;59913,22;;;
222;PKO BP;Kredyt B2B;Kredyt B2B lipiec performance;July;Programmatic;Google;Google Ads;Discovery;2022;2618,01;;;248,71;2866,72;;;
222;PKO BP;Kredyt B2B;Kredyt B2B lipiec performance;July;Programmatic;Facebook;Facebook BM;Post;2022;3706,56;;;352,12;4058,68;;;
222;PKO BP;Kredyt B2B;Kredyt B2B lipiec performance;July;Programmatic;Google;DV360;Display;2022;3649,75;;;346,73;3996,48;;;
222;PKO BP;Kredyt B2B;Kredyt B2B lipiec performance;July;Direct;WP;WP;Mailing;2022;2407,5;;;228,71;2636,21;;;
222;PKO BP;Kredyt B2B;Kredyt B2B lipiec performance;July;Direct;Email Partners;Email Partners;Mailing;2022;3000;;;285;3285;;;
222;PKO BP;Konto B2B;Konto B2B lipiec performance;July;Programmatic;Google;Google Ads;Search;2022;52321,24;;;4970,52;57291,76;;;
222;PKO BP;Konto B2B;Konto B2B lipiec performance;July;Monitoring;Google;Campaign Manager;Campaign Manager;2022;70,33;;;;70,33;;;
222;PKO BP;Konto B2B;Konto B2B lipiec performance;July;Monitoring;Hotjar;Hotjar;Hotjar;2022;184,86;;;;184,86;;;
222;PKO BP;Konto B2B;Konto B2B lipiec performance;July;Monitoring;Unbounce;Unbounce;Unbounce;2022;500,74;;;;500,74;;;
222;PKO BP;Konto B2B;Konto B2B lipiec performance;July;Monitoring;Roivenue;Roivenue;Roivenue;2022;3692,38;;;;3692,38;;;
222;PKO BP;Konto B2B;Konto B2B lipiec performance;July;Monitoring;Google;Campaign Manager;Campaign Manager;2022;242,8;;;;242,8;;;
222;PKO BP;Konto B2B;Konto B2B lipiec performance;July;Monitoring;Google;Campaign Manager;Campaign Manager;2022;1742,88;;;;1742,88;;;
222;PKO BP;Konto B2B;Konto B2B lipiec wizerunek;July;Direct;RASP;BIM;Display;2022;42000;;;3990;45990;;;
222;PKO BP;Konto B2C;SEM brand;July;Programmatic;Google;Google Ads;Search;2022;115806,92;;;11001,66;126808,58;;;
222;PKO BP;Konto B2C;SEM brand;July;Programmatic;Google;Google Ads;Discovery;2022;9926,12;;;942,98;10869,1;;;
222;PKO BP;Konto B2B;Konto B2B lipiec afiliacja ebroker;July;Afiliacja;Ebroker;Ebroker;Dedykowana promocja;2022;50000;;;4750;54750;;;
222;PKO BP;Konto B2B;Konto B2B lipiec afiliacja ebroker;July;Afiliacja;Ebroker;Ebroker;Dedykowana promocja;2022;5250;;;498,75;5748,75;;;
222;PKO BP;Konto B2B;Konto B2B lipiec afiliacja ebroker;July;Afiliacja;Ebroker;Ebroker;Dedykowana promocja;2022;5450;;;;5450;;;
222;PKO BP;Konto B2B;Konto B2B lipiec afiliacja;July;Afiliacja;Afiliacja;Afiliacja;Bankier;2022;21000;;;1995;22995;;;
222;PKO BP;Konto B2B;Konto B2B lipiec afiliacja;July;Afiliacja;Afiliacja;Afiliacja;Comperia;2022;7980;;;758,1;8738,1;;;
222;PKO BP;Konto B2B;Konto B2B lipiec afiliacja;July;Afiliacja;Afiliacja;Afiliacja;Totalmoney;2022;2520;;;239,4;2759,4;;;
222;PKO BP;Konto B2B;Konto B2B lipiec afiliacja;July;Afiliacja;Bankier;Bankier;Wydawca;2022;6500;;;617,5;7117,5;;;
222;PKO BP;Konto B2B;Konto B2B lipiec afiliacja;July;Afiliacja;Bankier;Bankier;Wydawca;2022;5806,5;;;551,62;6358,12;;;
222;PKO BP;Konto B2B;Konto B2B lipiec afiliacja;July;Direct;Cleverprofit;Cleverprofit ;Ranking;2022;4600;;;437;5037;;;
222;PKO BP;Konto B2B;Konto B2B lipiec afiliacja;July;Direct;Comperia;Comperia;Ranking;2022;35000;;;3325;38325;;;
222;PKO BP;Konto B2B;Konto B2B lipiec afiliacja;July;Direct;Ebroker;Ebroker;Pozycja sponsorowana;2022;650;;;61,75;711,75;;;
222;PKO BP;Konto B2B;Konto B2B lipiec afiliacja;July;Afiliacja;Afiliacja;Afiliacja;Ebroker;2022;3360;;;319,2;3679,2;;;
222;PKO BP;Konto B2B;Konto B2B lipiec afiliacja;July;Afiliacja;Afiliacja;Afiliacja;Leadstar;2022;420;;;39,9;459,9;;;
222;PKO BP;Konto B2C;Konto B2C lipiec afiliacja;July;Afiliacja;Afiliacja;Afiliacja;Bankier;2022;12060;;;1145,7;13205,7;;;
222;PKO BP;Konto B2C;Konto B2C lipiec afiliacja;July;Afiliacja;Afiliacja;Afiliacja;Comperia;2022;23760;;;2257,2;26017,2;;;
222;PKO BP;Konto B2C;Konto B2C lipiec afiliacja;July;Afiliacja;Afiliacja;Afiliacja;Totalmoney;2022;22500;;;2137,5;24637,5;;;
222;PKO BP;Konto B2C;Konto B2C lipiec afiliacja;July;Afiliacja;Afiliacja;Afiliacja;Ebroker;2022;6300;;;598,5;6898,5;;;
222;PKO BP;Konto B2C;Konto B2C lipiec afiliacja;July;Afiliacja;Afiliacja;Afiliacja;Leadstar;2022;15300;;;1453,5;16753,5;;;
222;PKO BP;Konto B2C;Konto B2C lipiec wizerunek;July;Direct;Piotr Segieta;Kontomaniak;Ranking;2022;2000;;;;2000;;;
222;PKO BP;Kredyt B2B;Kredyt B2B sierpie? performance;August;Programmatic;Google;Google Ads;Search;2022;53416,38;;;5074,56;58490,94;;;
222;PKO BP;Kredyt B2B;Kredyt B2B sierpie? performance;August;Programmatic;Google;Google Ads;Discovery;2022;2068,05;;;196,46;2264,51;;;
222;PKO BP;Kredyt B2B;Kredyt B2B sierpie? performance;August;Programmatic;Facebook;Facebook BM;Post;2022;1500,03;;;142,5;1642,53;;;
222;PKO BP;Kredyt B2B;Kredyt B2B sierpie? performance;August;Programmatic;Google;DV360;Display;2022;3000,11;;;285,01;3285,12;;;
222;PKO BP;Kredyt B2B;Kredyt B2B sierpie? performance;August;Direct;Spicy Mobile;Spicy Mobile;Mailing;2022;2000;;;190;2190;;;
222;PKO BP;Konto B2B;Konto B2B sierpie? performance;August;Programmatic;Google;Google Ads;Search;2022;55291,01;;;5252,65;60543,66;;;
222;PKO BP;Kredyt B2B;Konto B2B sierpie? performance;August;Programmatic;Google;Google Ads;Discovery;2022;4668,35;;;443,49;5111,84;;;
222;PKO BP;Konto B2B;Konto B2B sierpie? performance;August;Monitoring;Hotjar;Hotjar;Hotjar;2022;184,58;;;;184,58;;;
222;PKO BP;Konto B2B;Konto B2B sierpie? performance;August;Programmatic;Google;DV360;Display;2022;4063,55;;;386,04;4449,59;;;
222;PKO BP;Konto B2B;Konto B2B sierpie? performance;August;Monitoring;Unbounce;Unbounce;Unbounce;2022;637,34;;;;637,34;;;
222;PKO BP;Konto B2B;Konto B2B sierpie? performance;August;Monitoring;Roivenue;Roivenue;Roivenue;2022;3686,86;;;;3686,85;;;
222;PKO BP;Konto B2B;Konto B2B sierpie? wizerunek;August;Direct;RASP;BIM;Display;2022;49000;;;4655;53655;;;
222;PKO BP;Konto B2B;Konto B2B sierpie? wizerunek;August;Afiliacja;Bankier;Bankier;Screening;2022;14062,5;;;1335,94;15398,44;;;
222;PKO BP;Konto B2B;Konto B2B sierpie? wizerunek;August;Other;Pandagency;Pandagency;Kreacje;2022;2050;;;194,75;2244,75;;;
222;PKO BP;Konto B2B;Konto B2B sierpie? wizerunek;August;Direct;Agora;Gazeta.pl;Premium Board;2022;23000;;;2185;25185;;;
222;PKO BP;Konto B2C;SEM brand search;August;Programmatic;Google;Google Ads;Search;2022;147105,16;;;11001,66;158106,82;;;
222;PKO BP;Konto B2C;SEM brand discovery;August;Programmatic;Google;Google Ads;Discovery;2022;11224,85;;;1066,36;12291,21;;;
222;PKO BP;Kredyt B2B;Kredyt B2B sierpie? afiliacja;August;Afiliacja;Afiliacja;Afiliacja;Ebroker;2022;90;;;8,55;98,55;;;
222;PKO BP;Kredyt B2B;Kredyt B2B sierpie? afiliacja;August;Direct;Ebroker;Ebroker;Ranking;2022;2500;;;237,5;2737,5;;;
222;PKO BP;Kredyt B2B;Kredyt B2B sierpie? afiliacja;August;Direct;Ebroker;Ebroker;Pozycja sponsorowana;2022;2000;;;190;2190;;;
222;PKO BP;Kredyt B2B;Kredyt B2B sierpie? afiliacja;August;Direct;Wspieramy firmy;Wspieramy firmy;Ranking;2022;6000;;;570;6570;;;
222;PKO BP;Konto B2B;Konto B2B lipiec afiliacja ebroker;August;Afiliacja;Ebroker;Ebroker;Dedykowana promocja;2022;28000;;;2660;30660;;;
222;PKO BP;Konto B2B;Konto B2B sierpie? afiliacja;August;Afiliacja;Afiliacja;Afiliacja;Bankier;2022;12600;;;1197;13797;;;
222;PKO BP;Konto B2B;Konto B2B sierpie? afiliacja;August;Afiliacja;Afiliacja;Afiliacja;Comperia;2022;2520;;;239,4;2759,4;;;
222;PKO BP;Konto B2B;Konto B2B sierpie? afiliacja;August;Afiliacja;Afiliacja;Afiliacja;Totalmoney;2022;3360;;;319,2;3679,2;;;
222;PKO BP;Konto B2B;Konto B2B sierpie? afiliacja;August;Afiliacja;Bankier;Bankier;Wydawca;2022;6500;;;617,5;7117,5;;;
222;PKO BP;Konto B2B;Konto B2B sierpie? afiliacja;August;Afiliacja;Bankier;Bankier;Wydawca;2022;17000;;;1615;18615;;;
222;PKO BP;Konto B2B;Konto B2B sierpie? afiliacja;August;Afiliacja;Afiliacja;Afiliacja;Ebroker;2022;840;;;79,8;919,8;;;
222;PKO BP;Konto B2B;Konto B2B sierpie? afiliacja;August;Afiliacja;Afiliacja;Afiliacja;Leadstar;2022;420;;;39,9;459,9;;;
222;PKO BP;Konto B2C;Konto B2C sierpie? afiliacja;August;Afiliacja;Afiliacja;Afiliacja;Bankier;2022;6120;;;581,4;6701,4;;;
222;PKO BP;Konto B2C;Konto B2C sierpie? afiliacja;August;Afiliacja;Afiliacja;Afiliacja;Comperia;2022;8640;;;820,8;9460,8;;;
222;PKO BP;Konto B2C;Konto B2C sierpie? afiliacja;August;Afiliacja;Afiliacja;Afiliacja;Totalmoney;2022;6120;;;581,4;6701,4;;;
222;PKO BP;Konto B2C;Konto B2C sierpie? afiliacja;August;Afiliacja;Afiliacja;Afiliacja;Ebroker;2022;1620;;;153,9;1773,9;;;
222;PKO BP;Konto B2C;Konto B2C sierpie? afiliacja;August;Afiliacja;Afiliacja;Afiliacja;Leadstar;2022;7200;;;684;7884;;;
222;PKO BP;Konto B2C;Konto B2C sierpie? afiliacja;August;Afiliacja;Ebroker;Ebroker;Bonus dla Wydawcy 1;2022;4000;;;380;4380;;;
222;PKO BP;Konto B2C;Konto B2C sierpie? afiliacja;August;Afiliacja;Ebroker;Ebroker;Bonus dla Wydawcy 2;2022;3000;;;285;3285;;;
222;PKO BP;Konto B2C;Konto B2C sierpie? afiliacja;August;Afiliacja;Ebroker;Ebroker;Bonus dla Wydawcy 3;2022;1500;;;142,5;1642,5;;;
222;PKO BP;Konto B2C;Konto B2C sierpie? afiliacja;August;Afiliacja;Comperia;Comperia ;Ranking;2022;12000;;;1140;13140;;;
222;PKO BP;Konto B2C;Konto B2C sierpie? afiliacja;August;Afiliacja;Bankier;Bankier;Ranking redakcyjny;2022;15000;;;1425;16425;;;
222;PKO BP;Konto B2C;Konto B2C sierpie? afiliacja;August;Direct;Cleverprofit;Cleverprofit ;Ranking;2022;3500;;;332,5;3832,5;;;
222;PKO BP;Konto B2C;Konto B2C dowalidowanie lipca;August;Afiliacja;Afiliacja;Afiliacja;Bankier;2022;1440;;;136,8;1576,8;;;
222;PKO BP;Konto B2C;Konto B2C dowalidowanie lipca;August;Afiliacja;Afiliacja;Afiliacja;Comperia;2022;7020;;;666,9;7686,9;;;
222;PKO BP;Konto B2C;Konto B2C dowalidowanie lipca;August;Afiliacja;Afiliacja;Afiliacja;Ebroker;2022;3420;;;324,9;3744,9;;;
222;PKO BP;Konto B2C;Konto B2C dowalidowanie lipca;August;Afiliacja;Afiliacja;Afiliacja;Leadstar;2022;8280;;;786,6;9066,6;;;
222;PKO BP;Konto B2C;Konto B2C dowalidowanie lipca;August;Afiliacja;Afiliacja;Afiliacja;Totalmoney;2022;9900;;;940,5;10840,5;;;
222;PKO BP;Kredyt B2B;Kredyt B2B wrzesie? performance;September;Programmatic;Google;Google Ads;Search;2022;11316,77;;;1075,09;12391,86;;;
222;PKO BP;Kredyt B2B;Kredyt B2B wrzesie? performance;September;Programmatic;Google;Google Ads;Discovery;2022;972,04;;;92,34;1064,38;;;
222;PKO BP;Kredyt B2B;Kredyt B2B wrzesie? performance;September;Other;Point of View;Point of View;Kreacje;2022;1000;;;95;1095;;;
222;PKO BP;Kredyt B2B;Kredyt B2B wrzesie? performance;September;Programmatic;Google;DV360;Display;2022;2000;;;190;2190;;;
222;PKO BP;Konto B2B;Konto B2B wrzesie? performance;September;Programmatic;Google;Google Ads;Search;2022;61020,86;;;5796,98;66817,84;;;
222;PKO BP;Konto B2B;Konto B2B wrzesie? performance;September;Programmatic;Google;Google Ads;Discovery;2022;3363,73;;;319,55;3683,28;;;
222;PKO BP;Konto B2B;Konto B2B wrzesie? performance;September;Monitoring;Hotjar;Hotjar;Hotjar;2022;189,68;;;;189,68;;;
222;PKO BP;Konto B2B;Konto B2B wrzesie? performance;September;Programmatic;Google;DV360;Display;2022;12167,86;;;1155,95;13323,81;;;
222;PKO BP;Konto B2B;Konto B2B wrzesie? performance;September;Monitoring;Unbounce;Unbounce;Unbounce;2022;1132,38;;;;1132,38;;;
222;PKO BP;Konto B2B;Konto B2B wrzesie? performance;September;Monitoring;Roivenue;Roivenue;Roivenue;2022;3788,82;;;;3788,82;;;
222;PKO BP;Konto B2B;Konto B2B wrzesie? wizerunek;September;Direct;RASP;BIM;Display;2022;55000;;;5225;60225;;;
222;PKO BP;Konto B2B;Konto B2B wrzesie? wizerunek;September;Programmatic;Facebook;Facebook;Post;2022;4917,03;;;467,12;5384,15;;;
222;PKO BP;Konto B2B;Konto B2B wrzesie? wizerunek;September;Direct;Email Partners;Email Partners;Mailing;2022;4809,3;;;456,88;5266,18;;;
222;PKO BP;Konto B2B;Konto B2B wrzesie? wizerunek;September;Direct;WP;WP;Mailing;2022;1858,5;;;176,56;2035,06;;;
222;PKO BP;Konto B2B;Konto B2B wrzesie? wizerunek;September;Direct;Only Smart Actions;Only Smart Actions;Mailing;2022;2500,04;;;237,5;2737,54;;;
222;PKO BP;Konto B2B;Konto B2B wrzesie? wizerunek;September;Direct;WP;Logout box;Display;2022;34000;;;3230;37230;;;
222;PKO BP;Konto B2C;SEM brand;September;Programmatic;Google;Google Ads;Search;2022;11009,61;;;1045,91;12055,52;;;
222;PKO BP;Konto B2C;SEM brand;September;Programmatic;Google;Google Ads;Discovery;2022;82507,85;;;7838,25;90346,1;;;
222;PKO BP;Kredyt B2B;Kredyt B2B wrzesie? afiliacja;September;Afiliacja;Afiliacja;Afiliacja;Bankier;2022;450;;;42,75;492,75;;;
222;PKO BP;Kredyt B2B;Kredyt B2B wrzesie? afiliacja;September;Afiliacja;Bankier;Bankier;Wydawca;2022;4000;;;380;4380;;;
222;PKO BP;Kredyt B2B;Kredyt B2B wrzesie? afiliacja;September;Afiliacja;Comperia;Comperia;Oferta sponsorowana + top baner;2022;43000;;;4085;47085;;;
222;PKO BP;Kredyt B2B;Kredyt B2B wrzesie? afiliacja;September;Direct;Jak dorobi?;Jak dorobi?;Ranking;2022;3000;;;285;3285;;;
222;PKO BP;Kredyt B2B;Kredyt B2B wrzesie? afiliacja;September;Direct;Ebroker;Ebroker;Ranking;2022;2250;;;213,75;2463,75;;;
222;PKO BP;Kredyt B2B;Kredyt B2B wrzesie? afiliacja;September;Direct;Ebroker;Ebroker;Pozycja sponsorowana;2022;1800;;;171;1971;;;
222;PKO BP;Kredyt B2B;Kredyt B2B wrzesie? afiliacja;September;Direct;Nie poddawaj si?;Nie poddawaj si?;Ranking;2022;1500;;;142,5;1642,5;;;
222;PKO BP;Konto B2B;Konto B2B wrzesie? afiliacja ebroker;September;Afiliacja;Ebroker;Ebroker;Dedykowana promocja;2022;16800;;;1596;18396;;;
222;PKO BP;Konto B2B;Konto B2B wrzesie? afiliacja;September;Afiliacja;Afiliacja;Afiliacja;Bankier;2022;18900;;;1795,5;20695,5;;;
222;PKO BP;Konto B2B;Konto B2B wrzesie? afiliacja;September;Afiliacja;Afiliacja;Afiliacja;Comperia;2022;3360;;;319,2;3679,2;;;
222;PKO BP;Konto B2B;Konto B2B wrzesie? afiliacja;September;Afiliacja;Afiliacja;Afiliacja;Totalmoney;2022;5460;;;518,7;5978,7;;;
222;PKO BP;Konto B2B;Konto B2B wrzesie? afiliacja;September;Direct;Totalmoney;Totalmoney;Ranking;2022;16000;;;1520;17520;;;
222;PKO BP;Konto B2B;Konto B2B wrzesie? afiliacja;September;Afiliacja;Comperia;Comperia;Oferta sponsorowana + ranking txt;2022;36000;;;3420;39420;;;
222;PKO BP;Konto B2B;Konto B2B wrzesie? afiliacja;September;Direct;Nie poddawaj si?;Nie poddawaj si?;Ranking;2022;830;;;78,85;908,85;;;
222;PKO BP;Konto B2B;Konto B2B wrzesie? afiliacja;September;Direct;Bankier;Bankier;Oferta promowana;2022;4533,33;;;430,67;4964;;;
222;PKO BP;Konto B2B;Konto B2B wrzesie? afiliacja;September;Afiliacja;Afiliacja;Afiliacja;Ebroker;2022;1260;;;119,7;1379,7;;;
222;PKO BP;Konto B2C;Konto B2C wrzesie? afiliacja;September;Afiliacja;Afiliacja;Afiliacja;Bankier;2022;2880;;;273,6;3153,6;;;
222;PKO BP;Konto B2C;Konto B2C wrzesie? afiliacja;September;Afiliacja;Afiliacja;Afiliacja;Comperia;2022;9720;;;923,4;10643,4;;;
222;PKO BP;Konto B2C;Konto B2C wrzesie? afiliacja;September;Afiliacja;Afiliacja;Afiliacja;Totalmoney;2022;25200;;;2394;27594;;;
222;PKO BP;Konto B2C;Konto B2C wrzesie? afiliacja;September;Afiliacja;Afiliacja;Afiliacja;Ebroker;2022;5040;;;478,8;5518,8;;;
222;PKO BP;Konto B2C;Konto B2C wrzesie? afiliacja;September;Afiliacja;Afiliacja;Afiliacja;Leadstar;2022;21240;;;2017,8;23257,8;;;
222;PKO BP;Konto B2C;Konto B2C wrzesie? afiliacja;September;Afiliacja;Ebroker;Ebroker;Ranking;2022;1875;;;178,13;2053,13;;;
222;PKO BP;Konto B2C;Konto B2C wrzesie? afiliacja;September;Direct;Nie poddawaj si?;Nie poddawaj si?;Ranking;2022;1000;;;95;1095;;;
222;PKO BP;Konto B2C;Konto B2C wrzesie? afiliacja;September;Direct;Livesmarter;Livesmarter;Ranking;2022;4000;;;380;4380;;;
222;PKO BP;Konto B2C;Konto B2C dowalidowanie sierpnia;September;Afiliacja;Afiliacja;Afiliacja;Bankier;2022;5220;;;495,9;5715,9;;;
222;PKO BP;Konto B2C;Konto B2C dowalidowanie sierpnia;September;Afiliacja;Afiliacja;Afiliacja;Comperia;2022;11160;;;1060,2;12220,2;;;
222;PKO BP;Konto B2B;Konto B2B wrzesie? afiliacja;September;Direct;Bankier;Bankier;Ranking redakcyjny;2022;14000;;;1330;15330;;;
222;PKO BP;Konto B2C;Konto B2C wrzesie? afiliacja;September;Afiliacja;Totalmoney;Totalmoney;Ranking;2022;18000;;;1710;19710;;;
223;Corab;Corab;Luty;February;Programmatic;Google;DV360;Display;2022;1239,21;;;247,84;1487,05;;;
223;Corab;Corab;Styczeä;January;Programmatic;Google;DV360;Display;2022;2040,33;;;408,06;2448,39;;;
224;Park of Poland;Suntago;Styczeä;January;Programmatic;Google;Google Ads;Discovery;2022;4463,35;;;535,6;4998,95;;;
224;Park of Poland;Suntago;Styczeä;January;Programmatic;Google;Google Ads;YouTube;2022;40721,62;;;4886,59;45608,21;;;
224;Park of Poland;Suntago;Styczeä;January;Programmatic;Facebook;Facebook BM;Post;2022;13731,45;;;1647,77;15379,22;;;
224;Park of Poland;Suntago;Styczeä;January;Programmatic;Google;Search Ads;Search;2022;22793,92;;;2735,27;25529,19;;;
224;Park of Poland;Suntago Village;Styczeä;January;Programmatic;Google;Search Ads;Search;2022;8516,29;;;1021,95;9538,24;;;
224;Park of Poland;Suntago;Styczeä;January;Programmatic;Google;Google Ads;Display;2022;24250,02;;;2910;27160,02;;;
224;Park of Poland;Suntago;Styczeä;January;Programmatic;Google;Google Ads;Lokalna;2022;1499,18;;;179,9;1679,08;;;
224;Park of Poland;Suntago;Luty;February;Programmatic;Google;Google Ads;Discovery;2022;2623,71;;;314,85;2938,56;;;
224;Park of Poland;Suntago;Luty;February;Programmatic;Google;Google Ads;YouTube;2022;21155,65;;;2538,68;23694,33;;;
224;Park of Poland;Suntago;Luty;February;Programmatic;Facebook;Facebook BM;Post;2022;22306,83;;;2676,82;24983,65;;;
224;Park of Poland;Suntago;Luty;February;Programmatic;Google;Search Ads;Search;2022;24899,06;;;2987,89;27886,95;;;
224;Park of Poland;Suntago Village;Luty;February;Programmatic;Google;Search Ads;Search;2022;7225,89;;;867,11;8093;;;
224;Park of Poland;Suntago;Luty;February;Programmatic;Google;Google Ads;Display;2022;21339,52;;;2560,75;23900,26;;;
224;Park of Poland;Suntago;Luty;February;Programmatic;Google;Google Ads;Lokalna;2022;1401,89;;;168,23;1570,12;;;
224;Park of Poland;Suntago;Marzec;March;Direct;Sarigato;Sarigato;Mailing;2022;4091,4;;;490,96;4582,36;fv 133_3_2022 pure play spolka z ograniczona odpowiedzialnoscia spolka komandytowa;;
224;Park of Poland;Suntago;Marzec;March;Programmatic;Google;Google Ads;Discovery;2022;383,62;;;46,03;429,65;;;
224;Park of Poland;Suntago;Marzec;March;Programmatic;Google;Google Ads;YouTube;2022;65075,95;;;7809,11;72885,06;;;
224;Park of Poland;Suntago;Marzec;March;Programmatic;Facebook;Facebook BM;Post;2022;28217,89;;;3386,15;31604,04;;;
224;Park of Poland;Suntago;Marzec;March;Programmatic;Google;Search Ads;Search;2022;11393,19;;;1367,18;12760,37;;;
224;Park of Poland;Suntago Village;Marzec;March;Programmatic;Google;Search Ads;Search;2022;2780,18;;;333,62;3113,8;;;
224;Park of Poland;Suntago;Marzec;March;Programmatic;Google;Google Ads;Display;2022;22426,41;;;2691,17;25117,58;;;
224;Park of Poland;Suntago;Marzec;March;Programmatic;Google;Google Ads;Lokalna;2022;1433,89;;;172,07;1605,96;;;
224;Park of Poland;Suntago;Marzec;March;Direct;WP;WP;Halfpage;2022;25000;;;3000;28000;;;
224;Park of Poland;Suntago;Marzec;March;Direct;We love media;We love media;Mailing;2022;3002,5;;;360,3;3362,8;;;
224;Park of Poland;Suntago;Styczeä;January;Programmatic;Google;Search Ads;Search;2022;31310,21;;;3757,23;35067,44;;;
224;Park of Poland;Suntago;Kwiecieä;April;Programmatic;Google;Google Ads;Discovery;2022;271,21;;;32,55;303,76;;;
224;Park of Poland;Suntago;Kwiecieä;April;Programmatic;Google;Google Ads;YouTube;2022;24397,28;;;2927,67;27324,95;;;
224;Park of Poland;Suntago;Kwiecieä;April;Programmatic;Facebook;Facebook BM;Post;2022;24371,98;;;2924,64;27296,62;;230359041 sum 24371,94;
224;Park of Poland;Suntago;Kwiecieä;April;Programmatic;Google;Google Ads;Search;2022;13221,05;;;1586,53;14807,58;;;
224;Park of Poland;Suntago Village;Kwiecieä;April;Programmatic;Google;Google Ads;Search;2022;2390,1;;;286,81;2676,91;;;
224;Park of Poland;Suntago;Kwiecieä;April;Programmatic;Google;Google Ads;Display;2022;12979,77;;;1557,57;14537,34;;;
224;Park of Poland;Suntago;Kwiecieä;April;Programmatic;Google;Google Ads;Lokalna;2022;983,05;;;117,97;1101,02;;;
224;Park of Poland;Suntago;Maj;May;Programmatic;Google;Google Ads;Discovery;2022;375,25;;;45,03;420,28;;;
224;Park of Poland;Suntago;Maj;May;Programmatic;Google;Google Ads;YouTube;2022;29159,27;;;3499,12;32658,38;;;
224;Park of Poland;Suntago;Maj;May;Programmatic;Facebook;Facebook BM;Post;2022;37666,74;;;4520,01;42186,75;;;
224;Park of Poland;Suntago;Maj;May;Programmatic;Google;Google Ads;Search;2022;9950,35;;;1194,05;11144,39;;;
224;Park of Poland;Suntago Village;Maj;May;Programmatic;Google;Google Ads;Search;2022;4148,92;;;497,88;4646,79;;;
224;Park of Poland;Suntago;Maj;May;Programmatic;Google;Google Ads;Display;2022;15811,5;;;1897,38;17708,88;;;
224;Park of Poland;Suntago;Maj;May;Programmatic;Google;Google Ads;Lokalna;2022;1420,27;;;170,44;1590,7;;;
224;Park of Poland;Suntago;Czerwiec;June;Programmatic;Google;Google Ads;Discovery;2022;686,41;;;82,37;768,78;;;
224;Park of Poland;Suntago;Wrzesieä;September;Programmatic;Google;Google Ads;Discovery;2022;749,72;;;89,97;839,69;;;
224;Park of Poland;Suntago;Wrzesieä;September;Programmatic;Google;Google Ads;YouTube;2022;5000,21;;;600,03;5600,24;;;
224;Park of Poland;Suntago;Wrzesieä;September;Programmatic;Facebook;Facebook BM;Post;2022;41343,37;;;4961,2;46304,57;;;
224;Park of Poland;Suntago;Wrzesieä;September;Programmatic;Google;Search Ads;Search;2022;8624,19;;;1034,9;9659,09;;;
224;Park of Poland;Suntago Village;Wrzesieä;September;Programmatic;Google;Search Ads;Search;2022;3368,15;;;404,18;3772,33;;;
224;Park of Poland;Suntago;Wrzesieä;September;Programmatic;Google;Google Ads;Display;2022;11323,79;;;1358,85;12682,64;;;
224;Park of Poland;Suntago;Wrzesieä;September;Programmatic;Google;Google Ads;Lokalna;2022;1065,31;;;127,84;1193,15;;;
225;Bielenda;Body Boom;Body Boom TikTok;January;Programmatic;TikTok;TikTok;Post;2022;4489,38;;;897,88;5387,26;;;
225;Bielenda;Body Boom;Body Boom YouTube;January;Programmatic;Google;Google Ads;YouTube;2022;16267,54;;;3253,51;19521,05;;;
225;Bielenda;Body Boom;Body Boom TikTok;January;Programmatic;TikTok;TikTok;Post;2022;23863,31;;;4772,66;28635,97;;;
225;Bielenda;Body Boom;Body Boom TikTok;February;Programmatic;TikTok;TikTok;Post;2022;40664,11;;;8132,82;48796,93;;;
225;Bielenda;Body Boom;Body Boom TikTok;March;Programmatic;TikTok;TikTok;Post;2022;42472,58;;;8494,52;50967,1;;;
226;4finance;4finance;Styczeä;January;Fee;Pure Play;Pure Play;Fee;2022;;;;7768,49;7768,49;;;
226;4finance;4finance;Luty;February;Fee;Pure Play;Pure Play;Fee;2022;;;;7923,36;7923,36;;;
226;4finance;4finance;Marzec;March;Fee;Pure Play;Pure Play;Fee;2022;;;;7906,19;7906,19;;;
226;4finance;4finance;Kwiecieä;April;Fee;Pure Play;Pure Play;Fee;2022;;;;7787,87;7787,87;;;
226;4finance;4finance;Maj;May;Fee;Pure Play;Pure Play;Fee;2022;;;;7797,73;7797,73;;;
226;4finance;4finance;Czerwiec;June;Fee;Pure Play;Pure Play;Fee;2022;;;;7957,53;7957,53;;;
226;4finance;4finance;Lipiec;July;Fee;Pure Play;Pure Play;Fee;2022;;;;8155,41;8155,41;;;
226;4finance;4finance;Sierpieä;August;Fee;Pure Play;Pure Play;Fee;2022;;;;8045,76;8045,76;;;
226;4finance;4finance;Wrzesieä;September;Fee;Pure Play;Pure Play;Fee;2022;;;;8268,29;8268,29;;;
227;Tesco;Tesco;Franczyza Performance Grudzie?;January;Programmatic;Facebook;Facebook BM;Post;2022;6049,07;;;846,87;6895,94;;;
227;Tesco;Tesco;Franczyza Performance Grudzie?;January;Programmatic;Google;Google Ads;Search;2022;3125,98;;;437,64;3563,62;;;
227;Tesco;Tesco;Franczyza Performance Luty;February;Programmatic;Facebook;Facebook BM;Post;2022;5337,94;;;747,32;6085,25;;;
227;Tesco;Tesco;Franczyza Performance Luty;February;Programmatic;Google;Google Ads;Search;2022;3032,2;;;424,51;3456,71;;;
227;Tesco;Tesco;Franczyza Performance Kwiecie?;April;Programmatic;Facebook;Facebook BM;Post;2022;7724,7;;;1081,46;8806,16;;;
227;Tesco;Tesco;Franczyza Performance Kwiecie?;April;Programmatic;Google;Google Ads;Search;2022;6247,05;;;874,59;7121,64;;;
227;Tesco;Tesco;Franczyza Performance Maj;May;Programmatic;Facebook;Facebook BM;Post;2022;9238,62;;;1293,41;10532,03;;;
227;Tesco;Tesco;Franczyza Performance Maj;May;Programmatic;Google;Google Ads;Search;2022;10932,14;;;1530,5;12462,64;;;
227;Tesco;Tesco;Franczyza Performance Czerwiec;June;Programmatic;Facebook;Facebook BM;Post;2022;6359,99;;;890,4;7250,39;;;
227;Tesco;Tesco;Franczyza Performance Czerwiec;June;Programmatic;Google;Google Ads;Search;2022;9478,03;;;1326,93;10804,95;;;
227;Tesco;Tesco;Franczyza Performance Sierpie?;August;Programmatic;Facebook;Facebook BM;Post;2022;6667,93;;;933,52;7601,44;;;
227;Tesco;Tesco;Franczyza Performance Sierpie?;August;Programmatic;Google;Google Ads;Search;2022;10776,42;;;1508,7;12285,12;;;
227;Tesco;Tesco;Franczyza Performance Wrzesien;September;Programmatic;Facebook;Facebook BM;Post;2022;7421,52;;;1039,02;8460,53;;;
227;Tesco;Tesco;Franczyza Performance Wrzesien;September;Programmatic;Google;Google Ads;Search;2022;8667,46;;;1213,45;9880,9;;;
229;Tesco;Tesco;Aplikacja;February;Programmatic;Google;DV360;Youtube;2022;334126,19;;;46777,67;380903,86;;;
229;Tesco;Tesco;Aplikacja;February;Direct;RASP ;Onet;Dni¢wka;2022;17000;;;2040;19040;;;
229;Tesco;Tesco;Aplikacja UAC;February;Programmatic;Google;Google Ads;Aplikacja;2022;27456,22;;;3843,88;31300,09;;;
229;Tesco;Tesco;Agregatory;February;Direct;Blix;Blix;Blix;2022;125000;;;8750;133750;;;
229;Tesco;Tesco;Agregatory;February;Direct;gazetka-24;gazetka-24;gazetka-24;2022;25000;;;1750;26750;;;
229;Tesco;Tesco;Senior;February;Programmatic;Google;DV360;Youtube;2022;68194,56;;;9547,24;77741,8;;;
229;Tesco;Tesco;Senior;February;Programmatic;Google;DV360;Display;2022;5222,56;;;731,16;5953,72;;;
229;Tesco;Tesco;Sprint;February;Programmatic;Google;Google Ads;Youtube;2022;51804,84;;;7252,68;59057,52;;;
229;Tesco;Tesco;Oferta x;February;Programmatic;Google;DV360;Display;2022;52296,17;;;7321,47;59617,63;;;
229;Tesco;Tesco;Zyskoteka;February;Programmatic;Google;DV360;Youtube;2022;211486,52;;;29608,12;241094,63;;;
229;Tesco;Tesco;Zyskoteka;February;Direct;RASP ;Onet;Dni¢wka;2022;17000;;;2040;19040;;;
229;Tesco;Tesco;Campaign Manager;February;Monitoring;Google;Campaign Manager;Campaign Manager;2022;1445,3;;;;1445,3;;;
230;Tesco;Tesco;E-Commerce Kwiecie?;April;Programmatic;Google;Google Ads;Search;2022;292855,8;;;40999,82;333855,61;;;
230;Tesco;Tesco;E-Commerce Kwiecie?;April;Programmatic;Criteo;Criteo;Criteo;2022;41947,18;;;5033,67;46980,84;;;
230;Tesco;Tesco;E-Commerce Kwiecie?;April;Afiliacja;TradeDoubler;TD;TD;2022;69239,3;;;8308,72;77548,02;;;
230;Tesco;Tesco;E-Commerce Kwiecie?;April;Afiliacja;Afiliacja;Afiliacja;TopSpozywcze;2022;351,97;;;42,24;394,21;;;
230;Tesco;Tesco;E-Commerce Kwiecie?;April;Afiliacja;TradeDoubler;Afiliacja;Metapic;2022;15249,96;;;1830;17079,96;;;
230;Tesco;Tesco;E-Commerce Kwiecie?;April;Programmatic;Allegro;Allegro;Allegro;2022;7305,69;;;1022,8;8328,49;;;
230;Tesco;Tesco;E-Commerce Kwiecie?;April;Programmatic;Ceneo;Ceneo;Ceneo;2022;17421,61;;;2090,6;19512,2;;;
230;Tesco;Tesco;E-Commerce Kwiecie?;April;Consulting;Pure Play;Pure Play;Consulting;2022;59863,49;;;7183,62;67047,11;;;
230;Tesco;Tesco;E-Commerce Grudzie?;January;Programmatic;Google;Google Ads;Search;2022;267000;;;37380;304380;;;
230;Tesco;Tesco;E-Commerce Grudzie?;January;Programmatic;Criteo;Criteo;Criteo;2022;47228;;;5667,36;52895,36;;;
230;Tesco;Tesco;E-Commerce Grudzie?;January;Afiliacja;TradeDoubler;TD;TD;2022;48341,34;;;5800,97;54142,3;;;
230;Tesco;Tesco;E-Commerce Grudzie?;January;Afiliacja;Afiliacja;Afiliacja;TopSpozywcze;2022;824,78;;;98,98;923,74;;;
230;Tesco;Tesco;E-Commerce Grudzie?;January;Programmatic;Allegro;Allegro;Allegro;2022;26389,73;;;3694,57;30084,29;;;
230;Tesco;Tesco;E-Commerce Grudzie?;January;Programmatic;Ceneo;Ceneo;Ceneo;2022;15022,1;;;1802,66;16824,75;;;
230;Tesco;Tesco;E-Commerce Luty;February;Programmatic;Google;Google Ads;Search;2022;269742,74;;;37763,99;307506,72;;;
230;Tesco;Tesco;E-Commerce Luty;February;Programmatic;Criteo;Criteo;Criteo;2022;35229,03;;;4227,48;39456,51;;;
230;Tesco;Tesco;E-Commerce Luty;February;Afiliacja;TradeDoubler;TD;TD;2022;56336,13;;;6760,34;63096,47;;;
230;Tesco;Tesco;E-Commerce Luty;February;Afiliacja;Afiliacja;Afiliacja;TopSpozywcze;2022;708,77;;;85,06;793,82;;;
230;Tesco;Tesco;E-Commerce Luty;February;Afiliacja;TradeDoubler;Afiliacja;Metapic;2022;9793;;;1175,16;10968,16;;;
230;Tesco;Tesco;E-Commerce Luty;February;Afiliacja;TradeDoubler;Afiliacja;Reklamacje;2022;394,16;;;47,3;441,46;;;
230;Tesco;Tesco;E-Commerce Luty;February;Programmatic;Allegro;Allegro;Allegro;2022;20369,37;;;2851,72;23221,08;;;
230;Tesco;Tesco;E-Commerce Luty;February;Programmatic;Ceneo;Ceneo;Ceneo;2022;11091,49;;;;11091,49;;;
230;Tesco;Tesco;E-Commerce Marzec;March;Programmatic;Google;Google Ads;Search;2022;303167,1;;;42443,4;345610,49;;;
230;Tesco;Tesco;E-Commerce Marzec;March;Programmatic;Criteo;Criteo;Criteo;2022;58532,55;;;7023,91;65556,46;;;
230;Tesco;Tesco;E-Commerce Marzec;March;Afiliacja;TradeDoubler;TD;TD;2022;63664,86;;;7639,79;71304,64;;;
230;Tesco;Tesco;E-Commerce Marzec;March;Afiliacja;Afiliacja;Afiliacja;Picodi;2022;5000;;;600;5600;;;
230;Tesco;Tesco;E-Commerce Marzec;March;Afiliacja;TradeDoubler;Afiliacja;Metapic;2022;15492,15;;;1859,06;17351,21;;;
230;Tesco;Tesco;E-Commerce Marzec;March;Afiliacja;TradeDoubler;Afiliacja;Reklamacje;2022;74,72;;;8,97;83,69;;;
230;Tesco;Tesco;E-Commerce Marzec;March;Programmatic;Allegro;Allegro;Allegro;2022;27696,46;;;3877,51;31573,96;;;
230;Tesco;Tesco;E-Commerce Marzec;March;Programmatic;Ceneo;Ceneo;Ceneo;2022;13917,09;;;;13917,09;;;
230;Tesco;Tesco;E-Commerce Marzec;March;Programmatic;Google;Google Ads;GDN;2022;29746,71;;;4164,54;33911,25;;;
230;Tesco;Tesco;E-Commerce Marzec;March;Programmatic;Hybrid AI;Hybrid AI;Display;2022;4439;;;532,68;4971,68;;;
230;Tesco;Tesco;E-Commerce Marzec;March;Afiliacja;Afiliacja;Afiliacja;TopSpozywcze;2022;686,02;;;82,32;768,34;;;
230;Tesco;Tesco;E-Commerce Maj;May;Programmatic;Google;Google Ads;Search;2022;282122,7;;;39497,18;321619,88;;;
230;Tesco;Tesco;E-Commerce Maj;May;Programmatic;Criteo;Criteo;Criteo;2022;36676,03;;;4401,13;41077,15;;;
230;Tesco;Tesco;E-Commerce Maj;May;Afiliacja;TradeDoubler;TD;TD;2022;73530,23;;;8823,63;82353,86;;;
230;Tesco;Tesco;E-Commerce Maj;May;Afiliacja;Afiliacja;Afiliacja;TopSpozywcze;2022;NaN;;;39,32;366,9;;;
230;Tesco;Tesco;E-Commerce Maj;May;Afiliacja;Afiliacja;Afiliacja;Tradeclick;2022;NaN;;;360;3360;;;
230;Tesco;Tesco;E-Commerce Maj;May;Programmatic;Ceneo;Ceneo;Ceneo;2022;19421,3;;;2330,56;21751,86;;;
230;Tesco;Tesco;E-Commerce Maj;May;Programmatic;Facebook;Facebook BM;Post;2022;8441,3;;;1181,79;9623,08;;;
230;Tesco;Tesco;E-Commerce Maj;May;Direct;Spicy Mobile;Push;Push;2022;2000;;;240;2240;;;
230;Tesco;Tesco;E-Commerce Maj;May;Direct;WP;WP;Mailing;2022;5537,65;;;664,52;6202,17;;;
230;Tesco;Tesco;E-Commerce Maj;May;Direct;RASP;Onet;Mailing;2022;2182,8;;;261,94;2444,74;;;
230;Tesco;Tesco;E-Commerce Maj;May;Monitoring;ABTShield;ABTShield;ABTShield;2022;;1657,02;;;1657,02;;;
230;Tesco;Tesco;E-Commerce Czerwiec;June;Programmatic;Google;Google Ads;Search;2022;295002,68;;;41300,38;336303,06;;;
230;Tesco;Tesco;E-Commerce Czerwiec;June;Programmatic;Criteo;Criteo;Criteo;2022;34034,05;;;4084,09;38118,14;;;
230;Tesco;Tesco;E-Commerce Czerwiec;June;Afiliacja;TradeDoubler;TD;TD;2022;61870,21;;;7424,43;69294,64;;;
230;Tesco;Tesco;E-Commerce Czerwiec;June;Afiliacja;Afiliacja;Afiliacja;TopSpozywcze;2022;268,1;;;32,17;300,27;;;
230;Tesco;Tesco;E-Commerce Czerwiec;June;Programmatic;Ceneo;Ceneo;Ceneo;2022;13478,52;;;1617,43;15095,94;;;
230;Tesco;Tesco;E-Commerce Czerwiec;June;Direct;WP;WP;Mailing;2022;977,5;;;117,3;1094,8;;;
230;Tesco;Tesco;E-Commerce Czerwiec;June;Monitoring;ABTShield;ABTShield;ABTShield;2022;;3490,18;;;3490,18;;;
232;Payback;Payback;;;;;;;;;;;;0;;;
233;Adamed;Maxon;Maxon;January;Programmatic;Criteo;Criteo;Criteo;2022;10657,92;;;1598,69;12256,61;;;
233;Adamed;Maxon;Maxon;February;Programmatic;Criteo;Criteo;Criteo;2022;6542,14;;;981,33;7523,46;;;
233;Adamed;Maxon;Maxon;February;Programmatic;Ceneo;Ceneo;Ceneo;2022;3,94;;;0,6;4,53;;;
233;Adamed;Maxon;Maxon;February;Programmatic;Facebook;Facebook BM;Post;2022;3835,8;;;575,37;4411,17;;;
233;Adamed;Maxon;Maxon;February;Programmatic;Allegro;Allegro;Allegro;2022;1000,24;;;150,04;1150,28;;;
233;Adamed;Maxon;Maxon;February;Programmatic;Google;Google Ads;Search;2022;1209,51;;;181,43;1390,94;;;
233;Adamed;H4B;H4B;February;Programmatic;Google;Google Ads;Search;2022;11663,88;;;1399,67;13063,55;;;
233;Adamed;H4B;H4B;February;Programmatic;Google;Google Ads;Youtube;2022;29663,66;;;3559,64;33223,3;;;
233;Adamed;H4B;H4B;February;Programmatic;Google;Google Ads;Display;2022;14125,28;;;1695,04;15820,31;;;
233;Adamed;Maxon;Maxon;March;Programmatic;Criteo;Criteo;Criteo;2022;4210,16;;;631,53;4841,68;;;
233;Adamed;Maxon;Maxon;March;Programmatic;Ceneo;Ceneo;Ceneo;2022;68,11;;;10,22;78,33;;;
233;Adamed;Maxon;Maxon;March;Programmatic;Facebook;Facebook BM;Post;2022;4724,89;;;708,74;5433,62;;;
233;Adamed;Maxon;Maxon;March;Programmatic;Allegro;Allegro;Allegro;2022;525,34;;;78,81;604,14;;;
233;Adamed;Maxon;Maxon;March;Programmatic;Google;Google Ads;Search;2022;2915,78;;;437,37;3353,15;;;
233;Adamed;H4B;H4B;March;Programmatic;Google;Google Ads;Search;2022;28872,86;;;3464,75;32337,6;;;
233;Adamed;H4B;H4B;March;Programmatic;Google;Google Ads;Youtube;2022;29663,66;;;3559,64;33223,3;;;
233;Adamed;H4B;H4B;March;Programmatic;Google;Google Ads;Display;2022;14125,28;;;1695,04;15820,31;;;
233;Adamed;Maxon;Maxon 2022;;;;;;;;;;;0;;;
233;Adamed;Maxon;Maxon;January;Programmatic;Ceneo;Ceneo;Ceneo;2022;13,25;;;1,99;15,24;;;
233;Adamed;Maxon;Maxon;January;Programmatic;Facebook;Facebook BM;Post;2022;5216,39;;;782,46;5998,85;;;
233;Adamed;Maxon;Maxon;January;Programmatic;Allegro;Allegro;Allegro;2022;1276,34;;;191,46;1467,79;;;
233;Adamed;Maxon;Maxon;January;Programmatic;Google;Google Ads;Search;2022;3574,23;;;536,14;4110,36;;;
233;Adamed;H4B;H4B;January;Programmatic;Google;Google Ads;Search;2022;8400,43;;;1260,07;9660,49;;;
233;Adamed;H4B;H4B;January;Programmatic;Google;Google Ads;Youtube;2022;19381,99;;;2907,3;22289,29;;;
233;Adamed;Maxon;Maxon;May;Programmatic;Criteo;Criteo;Criteo;2022;11368,49;;;1705,27;13073,76;;;
233;Adamed;Maxon;Maxon;May;Programmatic;Ceneo;Ceneo;Ceneo;2022;32,89;;;4,93;37,82;;;
233;Adamed;Maxon;Maxon;May;Programmatic;Facebook;Facebook BM;Post;2022;6418,59;;;962,79;7381,38;;;
233;Adamed;Maxon;Maxon;May;Programmatic;Allegro;Allegro;Allegro;2022;145,38;;;21,81;167,19;;;
233;Adamed;Maxon;Maxon;May;Programmatic;Google;Google Ads;Search;2022;3970,33;;;595,55;4565,88;;;
233;Adamed;Maxon;Maxon;June;Programmatic;Criteo;Criteo;Criteo;2022;8682,41;;;1302,37;9984,77;null;;
233;Adamed;Maxon;Maxon;June;Programmatic;Ceneo;Ceneo;Ceneo;2022;24,51;;;3,68;28,19;null;;
233;Adamed;Maxon;Maxon;June;Programmatic;Facebook;Facebook BM;Post;2022;4559,21;;;683,89;5243,09;null;;
233;Adamed;Maxon;Maxon;June;Programmatic;Allegro;Allegro;Allegro;2022;266,55;;;39,99;306,53;null;;
233;Adamed;Maxon;Maxon;June;Programmatic;Google;Google Ads;Search;2022;2363,4;;;354,51;2717,91;null;;
233;Adamed;Maxon;Maxon;July;Programmatic;Criteo;Criteo;Criteo;2022;4390,84;;;658,63;5049,47;;;
233;Adamed;Maxon;Maxon;July;Programmatic;Ceneo;Ceneo;Ceneo;2022;16,63;;;2,49;19,12;;;
233;Adamed;Maxon;Maxon;July;Programmatic;Facebook;Facebook BM;Post;2022;3127,81;;;469,17;3596,98;;;
233;Adamed;Maxon;Maxon;July;Programmatic;Allegro;Allegro;Allegro;2022;1243,76;;;186,56;1430,32;;;
233;Adamed;Maxon;Maxon;July;Programmatic;Google;Google Ads;Search;2022;1442,91;;;216,44;1659,35;;;
233;Adamed;Maxon;Maxon;August;Programmatic;Criteo;Criteo;Criteo;2022;10192,47;;;1528,87;11721,34;;;
233;Adamed;Maxon;Maxon;August;Programmatic;Ceneo;Ceneo;Ceneo;2022;25,54;;;3,83;29,37;;;
233;Adamed;Maxon;Maxon;August;Programmatic;Facebook;Facebook BM;Post;2022;5203,9;;;780,59;5984,49;;;
233;Adamed;Maxon;Maxon;August;Programmatic;Allegro;Allegro;Allegro;2022;181,63;;;27,25;208,88;;;
233;Adamed;Maxon;Maxon;August;Programmatic;Google;Google Ads;Search;2022;1761,65;;;264,25;2025,9;;;
234;STS;STS;Tracking CM marzec;March;Monitoring;Google;Tracking;Tracking;2022;120,91;;2,41;;123,32;;;
234;STS;STS;Tracking CM marzec;March;Monitoring;Google;Campaign Manager;Campaign Manager;2022;1608,63;;32,17;;1640,8;;;
234;STS;STS;Awareness Display Standard Kwiecien DV;April;Programmatic;Google;DV360;Display;2022;131166,03;;2623,32;;133789,35;;"202240123 sum 34092,01 ; 4120220491 sum 97373,53";
234;STS;STS;Awareness Display Standard Kwiecien Adform;April;Programmatic;Adform;Adform;Display;2022;48970,98;;979,42;;49950,4;;1221006907 sum 48970,92;
234;STS;STS;Awareness Campaign Manager;April;Monitoring;Google;Campaign Manager;Campaign Manager;2022;4156,01;;83,12;;4239,13;;202240124 sum 885,56 eur;
234;STS;STS;Awareness Display Standard Styczen DV;January;Programmatic;Google;DV360;Display;2022;98039,17;;1960,79;;99999,95;;;
234;STS;STS;Awareness Display Standard Luty DV;February;Programmatic;Google;DV360;Display;2022;132087,18;;2641,75;;134728,92;;;
234;STS;STS;Awareness Display Standard Marzec DV;March;Programmatic;Google;DV360;Display;2022;105952,56;;2119,05;;108071,61;;;
234;STS;STS;UAC Standard marzec DV;March;Programmatic;Google;DV360;UAC;2022;1765,16;;35,3;;1800,46;;;
234;STS;STS;Awareness Display Standard Maj DV;May;Programmatic;Google;DV360;Display;2022;170533,99;;3410,68;;173944,67;null;;
234;STS;STS;Awareness Display Standard Maj Adform;May;Programmatic;Adform;Adform;Display;2022;58821,07;;1176,42;;59997,49;null;;
234;STS;STS;Adserving Maj Adform;May;Monitoring;Adform;Adform;Adform;2022;;75,15;1,5;;76,65;null;;
234;STS;STS;Awareness Campaign Manager;May;Monitoring;Google;Campaign Manager;Campaign Manager;2022;4979,08;;99,58;;5078,66;;;
234;STS;STS;Awareness Display Standard Czerwiec DV;June;Programmatic;Google;DV360;Display;2022;158889,01;;3177,78;;162066,79;null;;
234;STS;STS;Adserving Czerwiec Adform;June;Monitoring;Adform;Adform;Adform;2022;;35,69;0,71;;36,4;null;;
234;STS;STS;Adserving Czerwiec CM;June;Monitoring;Google;Campaign Manager;Campaign Manager;2022;3938,42;;78,77;;4017,19;null;;
234;STS;STS;Awareness Display Standard Lipiec DV;July;Programmatic;Google;DV360;Display;2022;24727,17;;494,54;;25221,71;;;
234;STS;STS;Adserving Lipiec CM;July;Monitoring;Google;Campaign Manager;Campaign Manager;2022;2201,39;;44,03;;2245,42;;;
234;STS;STS;Awareness Display Standard Sierpien DV;August;Programmatic;Google;DV360;Display;2022;150750,02;;3015;;153765,02;;;
234;STS;STS;Adserving Sierpien CM;August;Monitoring;Google;Campaign Manager;Campaign Manager;2022;3255,84;;65,12;;3320,96;;;
234;STS;STS;Awareness Display Standard Wrzesien DV;September;Programmatic;Google;DV360;Display;2022;163761,01;;3275,22;;167036,23;;;
234;STS;STS;Adserving Wrzesien CM;September;Monitoring;Google;Campaign Manager;Campaign Manager;2022;;3546,62;70,93;;3617,54;;;
234;STS;STS;Adform minimum service fee;September;Programmatic;Adform;Adform;Display;2022;6000;;120;;6120;;;
235;Coca-Cola;Coca-Cola;Coca-Cola czerwiec - 4700115029;June;Programmatic;Facebook;Facebook BM;Post;2022;35604,02;;;3026,34;38630,36;;;
235;Coca-Cola;Coca-Cola;Coca-Cola czerwiec - 4700115636;July;Programmatic;Facebook;Facebook BM;Post;2022;34395,93;;;2923,65;37319,58;;;
235;Coca-Cola;Coca-Cola;Coca-Cola sierpieä - 4700116191;August;Programmatic;Facebook;Facebook BM;Post;2022;5768,76;;;490,34;6259,1;;;
235;Coca-Cola;Coca-Cola;Coca-Cola sierpieä - 4700116787;September;Programmatic;Facebook;Facebook BM;Post;2022;19431,24;;;1651,64;21082,88;;;
236;Tesco;Tesco;AFF;March;Programmatic;Google;DV360;Youtube;2022;262947,29;;;36812,62;299759,91;;;
236;Tesco;Tesco;AFF;March;Direct;Agora;Gazeta;Premiumboard;2022;26450;;;3174;29624;;;
236;Tesco;Tesco;Agregatory;March;Direct;Blix;Blix;Blix;2022;100000;;;7000;107000;;;
236;Tesco;Tesco;Aplikacja;March;Programmatic;Google;Google Ads;UAC;2022;28190,9;;;3946,73;32137,63;;;
236;Tesco;Tesco;Bosacka;March;Programmatic;Google;DV360;Youtube;2022;9407,72;;;1317,08;10724,8;;;
236;Tesco;Tesco;Bosacka;March;Programmatic;Google;DV360;Display;2022;1791,38;;;250,79;2042,17;;;
236;Tesco;Tesco;Gazetki;March;Programmatic;Google;DV360;Youtube;2022;70257,94;;;9836,11;80094,05;;;
236;Tesco;Tesco;Sprint;March;Programmatic;Google;Google ads;Youtube;2022;83302,14;;;11662,3;94964,44;;;
236;Tesco;Tesco;Ogr¢d;March;Programmatic;Google;DV360;Youtube;2022;265293,74;;;37141,12;302434,86;;;
236;Tesco;Tesco;Tarn¢w;March;Programmatic;Google;DV360;Youtube;2022;6227,84;;;871,9;7099,74;;;
236;Tesco;Tesco;Tarn¢w;March;Programmatic;Google;DV360;Display;2022;2337,94;;;327,31;2665,25;;;
236;Tesco;Tesco;Tarn¢w;March;Direct;Spicy Mobile;Spicy Mobile;Spicy Mobile;2022;2015,86;;;282,22;2298,08;;;
236;Tesco;Tesco;Oferta x;March;Programmatic;Google;DV360;Dusplay;2022;54997,04;;;7699,59;62696,63;;;
236;Tesco;Tesco;Campaign Manager;March;Monitoring;Google;Tracking;Tracking;2022;727,65;;;0;727,65;;;
237;Tesco;Tesco;AFF;April;Programmatic;Google;DV360;Youtube;2022;107836,02;;;15097,04;122933,06;;202240120 sum 685513,06;
237;Tesco;Tesco;Agregatory;April;Direct;Blix;Blix;Blix;2022;80000;;;5600;85600;;;
237;Tesco;Tesco;Aplikacja UAC;April;Programmatic;Google;Google Ads;Aplikacja;2022;26686,74;;;3736,14;30422,88;;4123098677 sum 26684,75;
237;Tesco;Tesco;Grill;April;Programmatic;Google;DV360;Youtube;2022;41805,68;;;5852,79;47658,47;;202240120 sum;
237;Tesco;Tesco;Bosacka;April;Programmatic;Google;DV360;Youtube;2022;103579,31;;;14501,1;118080,41;;202240120 sum;
237;Tesco;Tesco;Bosacka;April;Programmatic;Google;Google Ads;Display;2022;9990,39;;;1398,65;11389,04;;4123098677 sum 9988,37;
237;Tesco;Tesco;Ogr?d;April;Programmatic;Google;DV360;Youtube;2022;300313,21;;;42043,84;342357,05;;202240120 sum;
237;Tesco;Tesco;Ogr?d;April;Programmatic;Google;DV360;Display;2022;32748,18;;;4584,74;37332,92;;202240120 sum;
237;Tesco;Tesco;UKR-Wielkanoc;April;Programmatic;Google;DV360;Display;2022;13112,93;;;1835,81;14948,74;;202240120 sum;
237;Tesco;Tesco;Kampania Lokalna;April;Programmatic;Google;DV360;Display;2022;10471,95;;;1466,07;11938,02;;202240120 sum;
237;Tesco;Tesco;Kampania Lokalna;April;Programmatic;Google;Google Ads;Display;2022;894,92;;;125,28;1020,2;;4123098677 sum 894,85;
237;Tesco;Tesco;Kampania Lokalna;April;Direct;Spicy Mobile;Push;Push;2022;3825;;;459;4284;;19/04/22/RE sum 3825,00;
237;Tesco;Tesco;Oferta x;April;Programmatic;Google;DV360;Display;2022;52869,95;;;7401,79;60271,74;;202240120 sum;
237;Tesco;Tesco;Senior;April;Programmatic;Google;DV360;Display;2022;19997,27;;;2799,61;22796,88;;202240120 sum;
237;Tesco;Tesco;Senior;April;Direct;WP;WP;Dni?wka;2022;21000;;;2520;23520;;FVR/00550/05/22 sum 21000,00;
237;Tesco;Tesco;Campaign Manager;April;Monitoring;Google;Campaign Manager;Campaign Manager;2022;;982,83;;;982,83;;202240121 sum 210,99 eur = 989,86;
238;Tesco;Tesco;Gazetki;April;Programmatic;Google;Google Ads;YouTube;2022;129352,75;;;18109,39;147462,14;;;
238;Tesco;Tesco;Ogr?d;April;Direct;WP;WP;Pudelek;2022;10000;;;1200;11200;;;
238;Herbapol;Video;Big Active;March;Programmatic;Google;DV360;YouTube;2022;44537,35;;;5344,48;49881,83;;;
238;Herbapol;Video;Dzemy;March;Programmatic;Google;DV360;YouTube;2022;12278,85;;;1473,46;13752,31;;;
238;Herbapol;Video;Dzemy;April;Programmatic;Google;DV360;YouTube;2022;18875;;;2265;21140;;4120220491 sum  18875,00;
238;Herbapol;Video;Herbalove;June;Programmatic;Google;DV360;YouTube;2022;58232,24;;;6987,87;65220,11;;;
238;Herbapol;Video;Cold Brew;June;Programmatic;Google;DV360;YouTube;2022;48317,95;;;5798,15;54116,1;;;
238;Herbapol;Video;Cold Brew;July;Programmatic;Google;DV360;YouTube;2022;31949,41;;;3833,93;35783,34;;;
238;Herbapol;Video;Herbalove;July;Programmatic;Google;DV360;YouTube;2022;75362,51;;;9043,5;84406,01;;;
238;Herbapol;Video;Herbaty Funkcjonalne;September;Programmatic;Google;DV360;YouTube;2022;15180,28;;;1821,63;17001,91;;;
238;Herbapol;Video;Cukierki Czyszcz¥ce Gardˆo;September;Programmatic;Google;DV360;YouTube;2022;18600,67;;;2232,08;20832,75;;;
239;Tesco;Tesco;Gazetki;April;Programmatic;Google;Google Ads;Aplikacja;2022;3001,06;;;420,15;3421,21;;;
239;Tesco;Tesco;Zyskoteka;May;Programmatic;Google;DV360;Youtube;2022;363806,18;;;50932,87;414739,05;;;
239;Tesco;Tesco;Zyskoteka;May;Programmatic;Google;DV360;Display;2022;67759,5;;;9486,33;77245,83;;;
239;Tesco;Tesco;Agregatory;May;Direct;Blix;Blix;Blix;2022;72000;;;5040;77040;;;
239;Tesco;Tesco;Aplikacja UAC;May;Programmatic;Google;Google Ads;Aplikacja;2022;24811,73;;;3473,65;28285,37;;;
239;Tesco;Tesco;Bosacka;May;Programmatic;Google;DV360;Youtube;2022;29998,27;;;4199,76;34198,03;;;
239;Tesco;Tesco;Bosacka;May;Programmatic;Google;Google Ads;Display;2022;9782,05;;;1369,49;11151,54;;;
239;Tesco;Tesco;Gazetki;May;Programmatic;Google;Google Ads;YouTube;2022;89777,85;;;12568,9;102346,75;;;
239;Tesco;Tesco;Gazetki;May;Programmatic;Google;Google Ads;Aplikacja;2022;2960,3;;;414,45;3374,74;;;
239;Tesco;Tesco;Grill;May;Programmatic;Google;DV360;Youtube;2022;42333,9;;;5926,75;48260,65;;;
239;Tesco;Tesco;Ogr?d;May;Programmatic;Google;DV360;Youtube;2022;127057,72;;;17788,09;144845,8;;;
239;Tesco;Tesco;Ogr?d;May;Programmatic;Google;DV360;Display;2022;21615,03;;;3026,11;24641,13;;;
239;Tesco;Tesco;Senior;May;Programmatic;Google;DV360;Display;2022;8999,88;;;1259,99;10259,86;;;
239;Tesco;Tesco;Senior;May;Programmatic;Google;DV360;Youtube;2022;67260,86;;;9416,53;76677,38;;;
239;Tesco;Tesco;Zyskoteka;May;Direct;Agora;Gazeta.pl;Dni?wka;2022;26450;;;3174;29624;;;
239;Tesco;Tesco;Zyskoteka;May;Afiliacja;Afiliacja;Afiliacja;Pepper;2022;750;;;90;840;;;
241;Tesco;Tesco;Madre Gotowanie;June;Programmatic;Google;DV360;Youtube;2022;125432,52;;;17560,56;142993,07;;;
241;Tesco;Tesco;Madre Gotowanie;June;Programmatic;Google;Google Ads;Display;2022;8836,33;;;1237,09;10073,42;;;
241;Tesco;Tesco;Madre Gotowanie;June;Direct;RASP;Onet;BIM;2022;40500;;;4860;45360;;;
241;Tesco;Tesco;Madre Gotowanie;June;Direct;Agora;Gazeta.pl;Premium Board;2022;8800;;;1056;9856;;;
241;Tesco;Tesco;Oferta x;June;Programmatic;Google;DV360;Display;2022;69901,58;;;9786,23;79687,8;;;
241;Tesco;Tesco;Agregatory;June;Direct;Blix;Blix;Blix;2022;139602,4;;;9772,17;149374,57;;;
241;Tesco;Tesco;Aplikacja UAC;June;Programmatic;Google;Google Ads;Aplikacja;2022;64381,42;;;9013,4;73394,82;;;
241;Tesco;Tesco;Aplikacja;June;Programmatic;Apple;Apple SA;Apple SA;2022;2217,3;;;310,43;2527,72;;;
241;Tesco;Tesco;Bosacka;June;Programmatic;Google;DV360;Youtube;2022;5457,78;;;764,09;6221,87;;;
241;Tesco;Tesco;Bosacka;June;Programmatic;Google;Google Ads;Display;2022;1593,64;;;223,11;1816,75;;;
241;Tesco;Tesco;Gazetki;June;Programmatic;Google;Google Ads;YouTube;2022;61591,44;;;8622,81;70214,24;;;
241;Tesco;Tesco;Gazetki;June;Programmatic;Google;Google Ads;Aplikacja;2022;2964,57;;;415,04;3379,61;;;
241;Tesco;Tesco;Gazetki;June;Programmatic;Google;Google Ads;Discovery;2022;9941,57;;;1391,82;11333,39;;;
241;Tesco;Tesco;Grill;June;Programmatic;Google;DV360;Youtube;2022;64850,91;;;9079,13;73930,04;;;
241;Tesco;Tesco;Grill Metapic;June;Afiliacja;TradeDoubler;TD;TD;2022;1239,55;;;;1239,55;;;
241;Tesco;Tesco;?om?a;June;Programmatic;Google;DV360;Youtube;2022;1462,16;;;204,71;1666,86;;;
241;Tesco;Tesco;?om?a;June;Programmatic;Google;DV360;Display;2022;583,07;;;81,63;664,7;;;
241;Tesco;Tesco;?om?a;June;Direct;Spicy Mobile;Push;Push;2022;735;;;88,2;823,2;;;
241;Tesco;Tesco;?om?a;June;Direct;Polskapress;Gazeta lokalna;Dni?wka;2022;2400;;;288;2688;;;
241;Tesco;Tesco;Tarn?w;June;Direct;Polskapress;Gazeta lokalna;Dni?wka;2022;2400;;;288;2688;;;
241;Tesco;Tesco ;Madre Gotowanie;June;Direct;WP;WP;Mix;2022;47000;;;5640;52640;;;
242;Saint Martin;Podg¢rna7;Czerwiec;June;Programmatic;Google;Google Ads;Search;2022;220,88;;;27,61;248,49;;;
242;Saint Martin;Podg¢rna7;Lipiec;July;Programmatic;Google;Google Ads;Display;2022;180,39;;;22,55;202,94;;;
242;Saint Martin;Podg¢rna7;Lipiec;July;Programmatic;Google;Google Ads;Search;2022;3585,84;;;448,23;4034,07;;;
242;Saint Martin;Podg¢rna7;Sierpieä;August;Programmatic;Google;Google Ads;Search;2022;7731,78;;;927,81;8659,59;;;
242;Saint Martin;Podg¢rna7;Sierpieä;August;Programmatic;Google;Google Ads;Display;2022;293,35;;;35,2;328,55;;;
243;Tesco;Tesco;Madre Gotowanie;July;Programmatic;Google;DV360;Youtube;2022;98987,04;;;13858,19;112845,23;;;
243;Tesco;Tesco;Madre Gotowanie;July;Programmatic;Google;Google Ads;Display;2022;8351,27;;;1169,18;9520,45;;;
243;Tesco;Tesco;Oferta x;July;Programmatic;Google;DV360;Display;2022;45126,3;;;6317,69;51443,98;;;
243;Tesco;Tesco;Agregatory;July;Direct;Blix;Blix;Blix;2022;100000;;;7000;107000;;;
243;Tesco;Tesco;Aplikacja UAC;July;Programmatic;Google;Google Ads;Aplikacja;2022;68442,55;;;9581,96;78024,51;;;
243;Tesco;Tesco;Aplikacja;July;Programmatic;Apple;Apple Search Ads;Apple Search Ads;2022;2452,85;;;343,4;2796,25;;;
243;Tesco;Tesco;Zyskoteka;July;Programmatic;Google;DV360;Youtube;2022;266585,52;;;20309,58;286895,09; od prowizji odj?te 17012.4';;
243;Tesco;Tesco;Gazetki;July;Programmatic;Google;Google Ads;Discovery;2022;48917,79;;;6848,5;55766,28;;;
243;Tesco;Tesco;Inowroclaw;July;Programmatic;Google;DV360;Youtube;2022;411,68;;;57,64;469,32;;;
243;Tesco;Tesco;Inowroclaw;July;Programmatic;Google;DV360;Display;2022;170,1;;;23,82;193,91;;;
243;Tesco;Tesco;Rekrutacja;July;Programmatic;Google;DV360;Display;2022;1381,92;;;165,84;1547,75;;;
243;Tesco;Tesco;Rekrutacja;July;Programmatic;Google;Google Ads;Display;2022;2808,02;;;393,13;3201,14;;;
243;Tesco;Tesco;Rekrutacja;July;Direct;Pracuj.pl;Pracuj.pl;Mailing;2022;2000;;;240;2240;;;
243;Tesco;Tesco;AdReal;July;Monitoring;Gemius;Gemius;Gemius;2022;;20000;;2400;22400;;;
244;Mazda;Produkty Mro¾one;6 IX-XII;September;;;;;;;;;;0;;;
245;Tesco;Tesco;Madre Gotowanie;August;Programmatic;Google;DV360;Youtube;2022;57988,96;;;8118,46;66107,41;;;
245;Tesco;Tesco;BTS;August;Programmatic;Google;DV360;Youtube;2022;250848,45;;;35118,79;285967,23;;;
245;Tesco;Tesco;BTS;August;Programmatic;Google;DV360;Display;2022;84720,95;;;11860,94;96581,88;;;
245;Tesco;Tesco;BTS;August;Direct;RASP;Onet;BIM;2022;34000;;;4080;38080;;;
245;Tesco;Tesco;BTS;August;Direct;WP;WP;Content;2022;70000;;;8400;78400;;;
245;Tesco;Tesco;Oferta x;August;Programmatic;Google;DV360;Display;2022;32071,41;;;4490;36561,41;;;
245;Tesco;Tesco;Agregatory;August;Direct;Blix;Blix;Blix;2022;80000;;;5600;85600;;;
245;Tesco;Tesco;Aplikacja UAC;August;Programmatic;Google;Google Ads;Aplikacja;2022;69886,69;;;9784,14;79670,83;;;
245;Tesco;Tesco;Aplikacja;August;Programmatic;Apple;Apple Search Ads;Apple Search Ads;2022;3569,91;;;499,79;4069,7;;;
245;Tesco;Tesco;Gazetki;August;Direct;RASP;Onet;Mix;2022;2280;;;273,6;2553,6;;;
245;Tesco;Tesco;Gazetki;August;Programmatic;Google;Google Ads;Discovery;2022;38906,63;;;5446,93;44353,56;;;
245;Tesco;Tesco;Czestochowa;August;Programmatic;Google;DV360;Youtube;2022;4972,32;;;696,13;5668,44;;;
245;Tesco;Tesco;Czestochowa;August;Programmatic;Google;DV360;Display;2022;2173,89;;;304,35;2478,23;;;
245;Tesco;Tesco;Inowroclaw;August;Programmatic;Google;DV360;Youtube;2022;1789,04;;;250,47;2039,51;;;
245;Tesco;Tesco;Inowroclaw;August;Programmatic;Google;DV360;Display;2022;741,8;;;103,86;845,65;;;
245;Tesco;Tesco;Inowroclaw;August;Direct;Ino.online;Ino.online;Artyku?;2022;875;;;105;980;;;
245;Tesco;Tesco;Inowroclaw;August;Direct;OpenMobi;OpenMobi;Push;2022;1400;;;168;1568;;;
245;Tesco;Tesco;Remodeling Kalisz;August;Programmatic;Google;DV360;Display;2022;1150,5;;;161,07;1311,57;;;
245;Tesco;Tesco;Remodeling Kalisz;August;Programmatic;Google;Google Ads;Pmax;2022;372,89;;;52,21;425,09;;;
245;Tesco;Tesco;Remodeling Krak?w;August;Programmatic;Google;DV360;Display;2022;7634,45;;;1068,83;8703,27;;;
245;Tesco;Tesco;Remodeling Krak?w;August;Programmatic;Google;Google Ads;Pmax;2022;498,17;;;69,75;567,91;;;
245;Tesco;Tesco;Wroclaw;August;Programmatic;Google;DV360;Youtube;2022;3376,5;;;472,71;3849,21;;;
245;Tesco;Tesco;Wroclaw;August;Programmatic;Google;DV360;Display;2022;2316,32;;;324,29;2640,6;;;
245;Tesco;Tesco;Wroclaw;August;Direct;Spicy Mobile;Spicy Mobile;Push;2022;2450;;;294;2744;;;
245;Tesco;Tesco;Zwiekszenie asortymentu;August;Programmatic;Google;DV360;Display;2022;510,39;;;71,46;581,84;;;
246;Tesco;Tesco;Czestochowa;August;Direct;OpenMobi;OpenMobi;Push;2022;6800;;;816;7616;;;
246;Tesco;Tesco;BTS;September;Programmatic;Google;DV360;Youtube;2022;91828,57;;;12856;104684,57;;;
246;Tesco;Tesco;BTS;September;Programmatic;Google;DV360;Display;2022;30962,37;;;4334,73;35297,1;;;
246;Tesco;Tesco;BTS;September;Direct;Agora;Gazeta.pl;Premium Board;2022;26450;;;3174;29624;;;
246;Tesco;Tesco;Madry Obiad;September;Programmatic;Google;DV360;Youtube;2022;141986,28;;;19878,08;161864,36;;;
246;Tesco;Tesco;Madry Obiad;September;Programmatic;Google;DV360;Display;2022;14999,88;;;2099,98;17099,86;;;
246;Tesco;Tesco;Madry Obiad;September;Direct;RASP;Onet;Sponsor dnia;2022;40000;;;4800;44800;;;
246;Tesco;Tesco;Madry Obiad;September;Direct;NaTemat;Content;Content;2022;50000;;;6000;56000;;;
246;Tesco;Tesco;Zyskoteka;September;Programmatic;Google;DV360;Youtube;2022;70200,45;;;9828,06;80028,51;;;
246;Tesco;Tesco;Zyskoteka;September;Programmatic;Google;DV360;Display;2022;4793,08;;;671,03;5464,11;;;
246;Tesco;Tesco;Oferta x;September;Programmatic;Google;DV360;Display;2022;54647,03;;;7650,58;62297,61;;;
246;Tesco;Tesco;Zyskoteka;September;Direct;RASP;Onet;BIM;2022;55000;;;6600;61600;;;
246;Tesco;Tesco;Agregatory;September;Direct;Blix;Blix;Blix;2022;120000;;;8400;128400;;;
246;Tesco;Tesco;Aplikacja UAC;September;Programmatic;Google;Google Ads;Aplikacja;2022;75049,41;;;10506,92;85556,33;;;
246;Tesco;Tesco;Aplikacja;September;Programmatic;Apple;Apple Search Ads;Apple Search Ads;2022;3253,86;;;455,54;3709,4;;;
246;Tesco;Tesco;Gazetki;September;Programmatic;Google;Google Ads;Discovery;2022;45017,46;;;6302,44;51319,9;;;
246;Tesco;Tesco;Gazetki;September;Programmatic;Google;Google Ads;Youtube;2022;45717,88;;;6400,5;52118,38;;;
246;Tesco;Tesco;Gazetki;September;Direct;RASP;Onet;Onet;2022;23440;;;2812,8;26252,8;;;
246;Tesco;Tesco;Czestochowa;September;Direct;Blix;Blix;Blix;2022;3335;;;400,2;3735,2;;;
246;Tesco;Tesco;Kielce;September;Programmatic;Google;DV360;Youtube;2022;2964,26;;;415;3379,26;;;
246;Tesco;Tesco;Kielce;September;Programmatic;Google;DV360;Display;2022;1294,13;;;181,18;1475,31;;;
246;Tesco;Tesco;Kielce;September;Direct;Polskapress;Gazeta lokalna;Dni?wka;2022;2000;;;240;2240;;;
246;Tesco;Tesco;Kielce;September;Direct;OpenMobi;OpenMobi;Push;2022;2000;;;240;2240;;;
246;Tesco;Tesco;Lubin;September;Programmatic;Google;DV360;Youtube;2022;2212,63;;;309,77;2522,4;;;
246;Tesco;Tesco;Lubin;September;Programmatic;Google;DV360;Display;2022;1040,76;;;145,71;1186,47;;;
246;Tesco;Tesco;Lubin;September;Direct;Polskapress;Gazeta lokalna;Dni?wka;2022;2000;;;240;2240;;;
246;Tesco;Tesco;Lubin;September;Direct;OpenMobi;OpenMobi;Push;2022;4550;;;546;5096;;;
247;Tesco;Tesco;E-Commerce Lipiec;July;Programmatic;Google;Google Ads;Search;2022;307231,03;;;43012,35;350243,37;;;
247;Tesco;Tesco;E-Commerce Lipiec;July;Programmatic;Google;SA360;SA360;2022;3884,42;;;;3884,42;;;
247;Tesco;Tesco;E-Commerce Lipiec;July;Programmatic;Google;Google Ads;YouTube;2022;10808,38;;;;10808,38;;;
247;Tesco;Tesco;E-Commerce Lipiec;July;Programmatic;Google;Google Ads;YouTube;2022;13563,73;;;1898,92;15462,65;;;
247;Tesco;Tesco;E-Commerce Lipiec;July;Programmatic;Criteo;Criteo;Criteo;2022;22749,86;;;2729,99;25479,84;;;
247;Tesco;Tesco;E-Commerce Lipiec;July;Afiliacja;TradeDoubler;TD;TD;2022;41268,31;;;4952,2;46220,51;;;
247;Tesco;Tesco;E-Commerce Lipiec;July;Afiliacja;Afiliacja;Afiliacja;TopSpozywcze;2022;NaN;;;38,15;356;;;
247;Tesco;Tesco;E-Commerce Lipiec;July;Programmatic;Ceneo;Ceneo;Ceneo;2022;15143,09;;;1817,18;16960,26;;;
247;Tesco;Tesco;E-Commerce Lipiec;July;Direct;WP;WP;Mailing;2022;1747,6;;;209,72;1957,31;;;
247;Tesco;Tesco;E-Commerce Lipiec;July;Monitoring;ABTShield;ABTShield;ABTShield;2022;;2828,19;;;2828,19;;;
247;Tesco;Tesco;Franczyza Performance Lipiec;July;Programmatic;Facebook;Facebook BM;Post;2022;8897,68;;;1245,68;10143,36;;;
247;Tesco;Tesco;Franczyza Performance Lipiec;July;Programmatic;Google;Google Ads;Search;2022;12300,56;;;1722,08;14022,64;;;
247;Tesco;Tesco;E-Commerce Sierpien;August;Programmatic;Google;Google Ads;Search;2022;316584,83;;;44321,88;360906,71;;;
247;Tesco;Tesco;E-Commerce Sierpien;August;Programmatic;Google;Google Ads;YouTube;2022;22537,52;;;0;22537,52;;;
247;Tesco;Tesco;E-Commerce Sierpien;August;Programmatic;Google;Google Ads;YouTube;2022;27122,61;;;3254,72;30377,32;;;
247;Tesco;Tesco;E-Commerce Sierpien;August;Programmatic;Google;SA360;SA360;2022;3968,69;;;;3968,69;;;
247;Tesco;Tesco;E-Commerce Sierpien;August;Programmatic;Criteo;Criteo;Criteo;2022;19845,77;;;2381,5;22227,26;;;
247;Tesco;Tesco;E-Commerce Sierpien;August;Afiliacja;TradeDoubler;TD;TD;2022;43320,19;;;5198,43;48518,61;;;
247;Tesco;Tesco;E-Commerce Sierpien;August;Afiliacja;Afiliacja;Afiliacja;TopSpozywcze;2022;NaN;;;41,3;385,38;;;
247;Tesco;Tesco;E-Commerce Sierpien;August;Programmatic;Ceneo;Ceneo;Ceneo;2022;12715,48;;;1525,86;14241,34;;;
247;Tesco;Tesco;E-Commerce Sierpien;August;Direct;WP;WP;Mailing;2022;2818,6;;;338,24;3156,83;;;
247;Tesco;Tesco;E-Commerce Sierpien;August;Programmatic;Facebook;Facebook;Post;2022;9998,52;;;1399,8;11398,31;;;
247;Tesco;Tesco;E-Commerce Sierpien;August;Direct;RASP;Onet;Mix;2022;2826;;;339,12;3165,12;;;
247;Tesco;Tesco;E-Commerce Sierpien;August;Monitoring;ABTShield;ABTShield;ABTShield;2022;;455,22;;;455,22;;;
247;Tesco;Tesco;E-Commerce Wrzesien;September;Programmatic;Google;Google Ads;Search;2022;300085,96;;;42012,04;342097,99;;;
247;Tesco;Tesco;E-Commerce Wrzesien;September;Programmatic;Google;Google Ads;YouTube;2022;34627,03;;;4847,79;39474,81;;;
247;Tesco;Tesco;E-Commerce Wrzesien;September;Programmatic;Google;SA360;SA360;2022;3399,73;;;;3399,73;;;
247;Tesco;Tesco;E-Commerce Wrzesien;September;Programmatic;Google;SA360;SA360;2022;1762,69;;;2311,97;4074,66;;;
247;Tesco;Tesco;E-Commerce Wrzesien;September;Programmatic;Google;SA360;SA360;2022;3490,4;;;;3490,4;;;
247;Tesco;Tesco;E-Commerce Wrzesien;September;Programmatic;Criteo;Criteo;Criteo;2022;30486,38;;;3658,37;34144,75;;;
247;Tesco;Tesco;E-Commerce Wrzesien;September;Afiliacja;TradeDoubler;TD;TD;2022;40715,5;;;4885,86;45601,36;;;
247;Tesco;Tesco;E-Commerce Wrzesien;September;Afiliacja;Afiliacja;Afiliacja;TopSpozywcze;2022;NaN;;;33,33;311,06;;;
247;Tesco;Tesco;E-Commerce Wrzesien;September;Programmatic;Ceneo;Ceneo;Ceneo;2022;8845,86;;;;8845,86;;;
247;Tesco;Tesco;E-Commerce Wrzesien;September;Direct;WP;WP;Mailing;2022;778,6;;;93,44;872,03;;;
247;Tesco;Tesco;E-Commerce Wrzesien;September;Programmatic;Facebook;Facebook;Post;2022;22578,1;;;3160,94;25739,03;;;
247;Tesco;Tesco;E-Commerce Wrzesien;September;Monitoring;ABTShield;ABTShield;ABTShield;2022;1875,84;;;;1875,84;;;
;;;;;;;;;;;;;;;;;
;;;;;;;;;;;;;;;;;
;;;;;;;;;;;;;;;;;
;;;;;;;;;;;;;;;;;
;;;;;;;;;;;;;;;;;
;;;;;;;;;;;;;;;;;
;;;;;;;;;;;;;;;;;
;;;;;;;;;;;;;;;;;
;;;;;;;;;;;;;;;;;
;;;;;;;;;;;;;;;;;
;;;;;;;;;;;;;;;;;
;;;;;;;;;;;;;;;;;
;;;;;;;;;;;;;;;;;
;;;;;;;;;;;;;;;;;
;;;;;;;;;;;;;;;;;
;;;;;;;;;;;;;;;;;
;;;;;;;;;;;;;;;;;
;;;;;;;;;;;;;;;;;
;;;;;;;;;;;;;;;;;
